pt_id,ndvi,rainfall_mm,dist_to_water,elevation,slope,curvature_profile,twi,drainage_density,lulc_dw,label,year
1,0.6989124417304993,3208.081192970276,720.0,21,1.02670156955719,-4.6272194103299183e-07,7.1846809583010955,0.45836623610465854,1,0,2018
4,0.7829813957214355,3197.9859486818314,1574.357011608231,405,27.294342041015625,0.0002943622590012471,4.742756015334464,0.0,1,0,2018
8,0.850590169429779,3140.847665786743,1731.184565550421,92,15.729886054992676,-0.00015157447491150844,5.437529406582593,0.0,1,0,2018
23,0.8695030808448792,2795.4127666950226,2971.3633234594517,277,26.050580978393555,-0.00030155052729871563,8.465026287126431,0.0,1,0,2018
30,-0.17838557064533234,1514.4442123770714,90.0,0,0.0,0.0,11.071927526399296,0.8021409131831525,0,0,2018
31,-0.28833630681037903,1495.3387058377266,0.0,0,0.0,0.0,21.169352610580006,0.6302535746439055,0,0,2018
33,0.47129377722740173,1586.5696703791618,630.0,13,12.219764709472656,-0.0003544916460016053,5.696664785559647,0.5729577951308232,0,0,2018
34,0.7806912064552307,1595.074250638485,939.6275858019495,13,1.4053900241851807,-3.1813789824728244e-07,8.2573600336021,0.05729577951308232,1,0,2018
35,0.8004739880561829,2610.4260569810867,1731.184565550421,31,9.442842483520508,8.6935707832742e-05,5.509868919369104,0.0,1,0,2018
36,0.6426118016242981,2528.449198961258,90.0,52,3.954366683959961,2.5910653724662326e-07,5.90654596189726,0.31512678732195276,1,0,2018
38,0.7658542394638062,2464.549071073532,402.49223594996215,19,2.0613012313842773,1.6426671238078073e-06,7.488351172665635,0.5156620156177409,1,0,2018
42,0.8340083360671997,2492.5789284706116,270.0,136,14.190126419067383,-0.0009235262150547126,5.541994132919851,0.6589014644004466,1,0,2018
44,0.8681409358978271,2582.8597671985626,1571.782427691568,147,4.878024578094482,-2.478058525934003e-05,6.339435823896676,0.0,1,0,2018
46,0.8392191529273987,2897.943854570389,2818.8827574058487,652,27.552623748779297,-0.001435567475896922,5.476748037669649,0.0,1,0,2018
50,0.7760775089263916,1471.757991552353,1018.2337649086285,3,1.9112874269485474,7.036130477481935e-07,11.49463870714042,0.0,1,0,2018
51,0.6946515440940857,1477.1198045313358,1400.071426749364,7,2.171853542327881,-1.0279498405303678e-07,10.394637846736721,0.0,1,0,2018
54,-0.26935505867004395,1497.0901238024235,540.0,0,0.0,0.0,11.070215285237875,0.6302535746439055,0,0,2018
71,0.7948346734046936,2504.9956974983215,2817.4456516497353,653,15.173882484436035,0.00014489662914000207,9.161004194300846,0.0,1,0,2018
74,0.7587850689888,1535.4988299198449,180.0,11,2.8135175704956055,-2.2653460813658694e-06,8.126344730727004,0.7734930234266114,1,0,2018
79,0.47721758484840393,1591.565918236971,484.66483264210535,3,6.739992618560791,-9.088902327465877e-06,8.00257312958704,0.2864788975654116,4,0,2018
85,0.15994815528392792,2395.6548371315002,270.0,1,1.4073439836502075,-5.143497131557847e-08,12.860866300352612,0.888084582452776,3,0,2018
93,0.5370128750801086,2689.4539008140564,450.0,2,2.065174102783203,0.0,12.128451980000937,0.5729577951308232,4,0,2018
98,0.8614351153373718,2420.543308019638,1537.9206741571554,102,16.72020149230957,-0.00011351535205842114,11.338941512071333,0.0,1,0,2018
112,0.4391383230686188,1617.6751827932894,886.3972021616494,0,2.1728098392486572,7.543901052119384e-07,11.964558728355742,0.11459155902616464,4,0,2018
134,0.6612852811813354,1916.060427904129,774.2092740338364,1,5.025050163269043,8.86827408789492e-06,11.893667724104684,0.1432394487827058,1,0,2018
140,0.5392377376556396,1793.6630724668503,1152.5623627379127,2,2.173414468765259,-3.499814389197493e-07,6.944726170601694,0.0,4,0,2018
163,0.6297361254692078,1623.6301853656769,254.55844122715712,4,2.073146343231201,-4.11094336142326e-07,7.380716306111503,1.1459155902616465,1,0,2018
195,0.8612423539161682,2645.1430792808533,2382.8764130772706,166,8.402091979980469,-5.2559313096765605e-05,6.036006498839313,0.0,1,0,2018
198,0.6017796993255615,2359.9122166633606,1337.9461872586655,56,4.225409507751465,2.0035689202011593e-05,7.751356336933761,0.0,1,0,2018
210,0.18208226561546326,1427.2927923202515,201.24611797498108,5,3.2574234008789062,-2.318058127261468e-06,9.635206699292954,0.9453803619658584,4,0,2018
212,0.4310436546802521,1490.3525257110596,1484.3180252223578,4,1.4119718074798584,4.0152200528306563e-07,9.99096455891123,0.0,1,0,2018
215,0.5103341937065125,1406.3411308526993,254.55844122715712,0,1.0385850667953491,4.884287155348247e-07,8.572020640336996,0.716197243913529,1,0,2018
226,0.5871284604072571,1839.579963684082,576.2811813689564,7,3.257607936859131,1.2907426724964204e-06,7.022602486593742,0.45836623610465854,1,0,2018
237,0.6009222865104675,1870.3897082805634,1207.4767078498865,4,1.4114573001861572,-4.013548611465016e-07,9.24582053300656,0.0,1,0,2018
240,0.6962096691131592,2252.8667376041412,2401.49953154274,12,2.8214077949523926,4.6233674067821063e-07,7.427214899289674,0.0,1,0,2018
263,0.13866309821605682,2342.7970666885376,1094.8972554536795,4,2.2869741916656494,3.080000857139639e-07,7.858831000608272,0.0,3,0,2018
287,0.792359471321106,2288.6175673007965,3383.09030325825,131,4.344459056854248,5.562793435455295e-06,10.787364900855573,0.0,1,0,2018
293,0.6595947742462158,1416.8411140441895,2167.4870241826134,11,2.86560320854187,-2.9804948429648846e-07,7.425217391133993,0.0,1,0,2018
309,0.1299775093793869,1443.0021322965622,90.0,5,2.8241965770721436,-4.1015469217296543e-07,7.164065467596937,0.8021409131831525,4,0,2018
327,0.5714345574378967,1591.2407336235046,1337.9461872586655,1,0.9559096097946167,-7.712032350549863e-08,7.858594678327889,0.0,3,0,2018
336,-0.015619616024196148,1704.0083792209625,402.49223594996215,3,1.4121516942977905,2.024513897937252e-07,8.119125102673088,0.7448451336700701,0,0,2018
342,0.6508859992027283,1740.495305299759,1532.6447729333763,6,2.8241686820983887,9.235198826965698e-07,7.856851792446047,0.0,1,0,2018
344,0.695909857749939,1756.5091279745102,201.24611797498108,6,2.1756932735443115,-4.3678773215122144e-07,7.020544396004048,0.716197243913529,4,0,2018
345,0.5260909795761108,1756.5091279745102,1083.7435120913067,9,1.412432074546814,2.5693396008895352e-08,8.248256218380712,0.0,1,0,2018
352,0.2034936398267746,2094.579545021057,0.0,1,3.260719060897827,-2.571876838745969e-06,19.065553315634393,1.1459155902616465,0,0,2018
356,0.5337923765182495,2119.1523036956787,1681.3387523042466,6,2.079028606414795,0.0,7.37559152783943,0.0,1,0,2018
364,0.37247300148010254,2241.309999227524,1170.0,7,2.0805559158325195,1.1655345167694402e-06,9.165500735843173,0.0,4,0,2018
366,0.6792293190956116,2258.5957050323486,324.49961479175903,56,5.039762496948242,-2.236240500505329e-06,7.71401755557006,0.25783100780887047,1,0,2018
373,0.834172248840332,2338.290355682373,1530.0,158,8.479122161865234,-1.555612866039086e-05,6.3576636544652345,0.0,1,0,2018
382,0.6395954489707947,1418.6022387742996,763.6753236814712,10,1.4135243892669678,-1.2853387250916439e-07,8.16112723794844,0.34377467707849396,4,0,2018
386,0.17117257416248322,1384.249017715454,969.3296652842107,5,4.345596790313721,5.5901537603583e-06,6.732360925707114,0.02864788975654116,4,0,2018
392,0.5350264310836792,1445.5403000116348,636.3961030678928,8,3.54008412361145,1.6674664548688066e-06,10.419404143153454,0.5729577951308232,4,0,2018
398,0.5801249742507935,1384.8423031568527,829.7590011563599,13,2.1761605739593506,-1.1552406544224982e-06,6.7760758549657405,0.22918311805232927,6,0,2018
417,0.6634306907653809,1719.9614609479904,402.49223594996215,8,5.638020992279053,-9.190246324927517e-07,7.5676296635582885,0.6589014644004466,1,0,2018
426,0.342619389295578,2220.939696788788,1892.1416437465775,7,1.4132921695709229,1.4460813556694658e-07,7.856153169264159,0.0,1,0,2018
429,0.44726115465164185,2152.047252058983,371.07950630558946,11,2.083129644393921,-2.0240923291386386e-07,8.160313637878197,0.7734930234266114,4,0,2018
448,0.8979262709617615,2382.6799082756042,1263.210196285638,143,3.660646438598633,-9.60015437851636e-06,6.075462231961415,0.0,1,0,2018
453,0.6801139712333679,2420.1368222236633,324.49961479175903,53,14.737869262695312,2.9201831249711544e-05,8.049004666613587,0.6875493541569879,1,0,2018
474,0.6121039986610413,1331.9265413284302,270.0,10,1.4142762422561646,-3.7598115247406105e-07,8.952551396518881,1.1745634800181877,4,0,2018
483,0.4653128683567047,1408.472315554518,1173.4564329364769,14,2.177095413208008,-1.279260294297823e-06,6.823833718698402,0.0,6,0,2018
495,0.3137248158454895,1479.993937253952,450.0,7,1.4144572019577026,3.0848129402199454e-07,8.245661763015072,0.45836623610465854,4,0,2018
501,0.64305180311203,1760.1090188026428,1049.5713410721542,15,4.274101734161377,-6.774870921449933e-06,6.7465526982887,0.0,1,0,2018
509,0.5895544290542603,1858.617834329605,939.6275858019495,7,4.2707648277282715,1.6968254016415575e-06,12.339951837133908,0.02864788975654116,4,0,2018
528,0.8950853943824768,2571.028805375099,1170.0,396,10.973485946655273,-0.00021395579484532294,5.795431706180179,0.0,1,0,2018
537,0.4420090317726135,1307.2109622955322,270.0,16,1.4152319431304932,8.676488134016792e-08,8.545259278065343,0.7734930234266114,6,0,2018
542,0.3183579742908478,1233.463781952858,127.27922061357856,10,2.1775712966918945,5.360985002995478e-07,7.838940115935977,0.9167324722093171,4,0,2018
543,0.7298537492752075,1309.904485407751,284.60498941515414,13,2.0874412059783936,-4.625292740223111e-07,7.463353709006657,0.9453803619658584,4,0,2018
553,0.5354402661323547,1303.1706652185458,1622.4980739587952,13,1.4157204627990723,1.0282709800733149e-07,7.776458513494171,0.0,0,0,2018
555,0.20930244028568268,1377.3152947522758,450.0,11,1.4155499935150146,-1.229495362962436e-06,6.602269159688767,0.888084582452776,4,0,2018
557,0.4172508716583252,1351.9728131032098,725.6031973468694,13,2.2954461574554443,-1.2580595945930012e-06,8.466583360535537,0.48701412586119974,6,0,2018
566,0.07267802208662033,1305.5614308281984,90.0,0,0.0,0.0,11.057962523657679,0.544309905374282,7,0,2018
570,0.15951816737651825,1331.1422569378483,636.3961030678928,10,3.130932092666626,2.3085596443857626e-07,10.41134206187809,0.25783100780887047,0,0,2018
594,0.5190733075141907,1926.568281173706,814.9846624323676,4,2.296623468399048,9.246734813564211e-07,13.456037741414438,0.37242256683503505,1,0,2018
599,0.09409692138433456,2154.0649123191833,324.49961479175903,3,2.1775269508361816,-8.027097222930028e-08,9.342788826208496,0.5156620156177409,0,0,2018
612,0.4210028350353241,1351.5202742815018,381.8376618407356,16,4.58881950378418,-1.2099236905980978e-05,7.011153098491757,0.6875493541569879,4,0,2018
616,0.34730204939842224,1374.0365235209465,1288.6038956948719,8,2.2979722023010254,2.054188570269975e-06,8.283334218864006,0.0,4,0,2018
655,0.6529973149299622,1421.742098793391,1376.735268670052,14,2.093973398208618,8.674681410594167e-08,11.055627147011554,0.0,1,0,2018
657,0.41107603907585144,1398.7035496511326,90.0,12,0.9559096097946167,5.143497131557847e-08,8.945061833189758,1.059971920992023,4,0,2018
670,0.3254533112049103,1876.1314535140991,720.0,5,2.1793994903564453,1.2837342801969404e-06,8.528291682563498,0.2864788975654116,4,0,2018
694,0.3264155387878418,2140.273645401001,402.49223594996215,6,2.179178476333618,8.030440105661314e-08,8.149542516563043,0.5156620156177409,4,0,2018
708,0.505513072013855,1259.2336216154108,1872.778684201633,17,2.8356196880340576,0.0,7.455001170462259,0.0,1,0,2018
713,0.44845715165138245,1347.7973412087485,180.0,16,3.6773195266723633,4.2035737166724515e-07,8.239865855329175,0.6589014644004466,1,0,2018
716,0.45496681332588196,1427.6108268663556,849.0583018850942,15,1.0483808517456055,5.143497131557847e-08,8.240370521845842,0.25783100780887047,1,0,2018
724,0.5404584407806396,1861.3962213993073,1532.6447729333763,17,4.602111339569092,-1.728048611135892e-06,10.741527902561796,0.0,1,0,2018
730,0.6342315077781677,1949.1794471740723,994.0824915468535,16,1.9112874269485474,0.0,7.546394905498895,0.05729577951308232,1,0,2018
732,0.22076188027858734,2035.3064126968384,1712.3667831396401,14,2.30379319190979,4.243522582120561e-06,6.7474642565061655,0.0,4,0,2018
761,0.4278715252876282,1195.3982195132703,1476.1097520171054,17,3.1476049423217773,6.413332518726179e-07,7.3577821468342535,0.0,4,0,2018
762,0.2378188967704773,1141.709712878568,381.8376618407356,27,1.0504848957061768,-1.0283780637473121e-07,8.931406092951878,0.25783100780887047,4,0,2018
766,0.5125359296798706,1258.000054107706,1207.4767078498865,19,1.419717788696289,-1.7024533024001984e-07,6.759782639723103,0.0,6,0,2018
768,0.5454100966453552,1803.2237828187644,360.0,15,2.839812755584717,1.4450793248882698e-06,7.148586536615313,0.9453803619658584,1,0,2018
769,0.27294817566871643,1875.219993069768,1272.7922061357856,16,2.3072876930236816,-8.948925173179413e-07,6.81650429970634,0.0,4,0,2018
772,0.6060867309570312,1869.0075533390045,636.3961030678928,28,2.839615821838379,0.0,8.142752748833765,0.31512678732195276,1,0,2018
774,0.39786863327026367,1790.9075421094894,1747.483905505284,24,0.9559096097946167,-2.0567561274946242e-07,9.336283818082272,0.0,4,0,2018
785,0.42911478877067566,2193.0365550518036,450.0,11,2.09932541847229,-6.742761667261226e-08,7.452087054674994,0.48701412586119974,6,0,2018
803,0.8567047715187073,2491.6000142097473,853.8149682454624,70,10.922943115234375,-2.4824101376911834e-05,6.233830597493803,0.20053522829578813,1,0,2018
806,0.24049608409404755,1084.893667684868,284.60498941515414,20,2.8408548831939697,-7.856740827956636e-07,7.4118919863544415,0.8594366926962349,4,0,2018
807,0.5426496863365173,1065.030832529068,1484.3180252223578,26,0.0,-1.607426567205401e-08,13.535819136244818,0.0,1,0,2018
814,0.6547039151191711,1751.8859726190567,1272.7922061357856,28,0.9559096097946167,-1.0283780637473121e-07,7.411817415684653,0.0,1,0,2018
818,0.49320557713508606,1955.4681079387665,90.0,13,7.073591709136963,-1.638932048334992e-05,6.661214337317551,1.088619810748564,3,0,2018
820,0.6256541013717651,1911.475775361061,1988.164983093707,23,0.9559096097946167,5.142961434309607e-08,8.533236672078276,0.0,1,0,2018
828,0.5694048404693604,1858.1320152282715,2336.535897434491,19,3.687267541885376,-9.910249275191662e-08,7.816250776045888,0.0,1,0,2018
831,0.2613382935523987,2235.205284833908,939.6275858019495,9,1.0520985126495361,7.389543423839475e-08,10.037079085181054,0.02864788975654116,4,0,2018
840,0.16044817864894867,2630.5018051862717,360.0,15,4.613666534423828,-6.763640303863786e-06,9.058219214786332,0.716197243913529,4,0,2018
854,0.1773400604724884,1788.446725487709,402.49223594996215,14,3.6883909702301025,1.8418660758772385e-06,9.143663599597835,0.544309905374282,4,0,2018
862,0.1611734926700592,1968.548736691475,1890.0,14,1.42243230342865,1.4460813556694655e-07,13.940193346239067,0.0,4,0,2018
867,0.5928153395652771,2572.175233244896,1855.3975315279474,13,1.9112874269485474,-2.0756842847932536e-06,7.542667120926227,0.0,1,0,2018
873,0.5844899415969849,2206.2967710494995,636.3961030678928,20,3.162824869155884,-9.992327374353925e-07,7.142902932514891,0.45836623610465854,1,0,2018
874,0.23536252975463867,2446.860045671463,1337.9461872586655,16,1.4240453243255615,-2.0558996810607372e-07,10.343273316045046,0.0,4,0,2018
878,0.36418405175209045,2156.455112218857,270.0,21,3.5582470893859863,2.656696985377357e-07,12.25173204978536,0.6302535746439055,4,0,2018
880,0.5490678548812866,2531.276481151581,1361.94713553794,31,2.318218469619751,-2.5980750502778956e-07,7.8337544600891675,0.0,4,0,2018
882,0.16664351522922516,1444.2732902914286,201.24611797498108,0,0.0,0.0,11.068939085462002,1.1459155902616465,0,1,2017
887,-0.061315495520830154,1460.586840838194,917.8235124467012,0,0.0,0.0,11.06918577907044,0.08594366926962349,0,1,2016
889,-0.12344615906476974,1403.8351255655289,763.6753236814712,0,0.0,0.0,11.068859232119838,0.31512678732195276,0,1,2017
891,-0.022643866017460823,1392.1899480819702,969.3296652842107,0,0.0,0.0,16.255962807554116,0.02864788975654116,0,1,2017
895,-0.03404006361961365,1502.9213531315327,127.27922061357856,0,3.530332326889038,-1.2271959676989078e-06,6.947917058620408,0.9453803619658584,0,1,2017
897,-0.012133577838540077,1434.6583634465933,814.9846624323676,0,0.0,0.0,11.762089290637775,0.31512678732195276,0,1,2017
917,0.6689173579216003,1432.3705703020096,540.0,4,3.246662139892578,0.0,7.864713953178158,0.40107045659157625,1,1,2013
918,-0.07451803237199783,1433.530465722084,804.9844718999243,0,0.0,1.0279498405303683e-06,8.172771252960395,0.6016056848873643,0,1,2017
920,0.3180711567401886,1411.3226716518402,127.27922061357856,3,4.878964424133301,-2.166998737473267e-06,7.431627552716811,0.7448451336700701,0,1,2007
927,0.14483866095542908,1418.362408041954,180.0,-2,0.0,0.0,11.067066911801087,0.7448451336700701,0,1,2017
930,-0.2570967674255371,1478.8163074180484,540.0,0,0.0,0.0,17.26194283307287,0.37242256683503505,0,1,2017
931,0.336264967918396,1479.8775434494019,576.2811813689564,-2,0.0,0.0,7.074945696558176,0.45836623610465854,0,1,2017
937,0.42317068576812744,1427.8434458971024,1397.1757226634022,2,1.4087724685668945,0.0,8.173457089125518,0.0,0,1,2017
941,0.08422232419252396,1378.4884664416313,685.4195795277518,1,0.0,0.0,11.066837843465892,0.544309905374282,0,1,2017
950,0.7722440958023071,1345.8475651592016,284.60498941515414,3,2.0684211254119873,0.0,11.067710119977479,0.6302535746439055,3,1,2017
951,-0.11249364912509918,1303.1013725213706,1200.74976577137,1,0.0,0.0,7.866027690022172,0.0,0,1,2017
953,0.23020188510417938,1404.5234016776085,1440.0,1,0.9559096097946167,5.143497131557847e-08,12.768735957289602,0.0,4,1,2017
962,-0.03288310021162033,1436.340654373169,768.9603370785777,2,3.1064765453338623,-1.0680975206698011e-06,8.944686635729562,0.20053522829578813,0,1,2017
988,0.05400105193257332,1533.5009167790413,886.3972021616494,-2,0.0,0.0,14.998002154282373,0.1432394487827058,0,1,2017
994,-0.05923463776707649,1439.563336521387,402.49223594996215,3,0.0,1.607426567205401e-08,11.759840028661605,0.37242256683503505,0,1,2016
995,0.10550963878631592,1465.731002420187,1350.0,1,3.0464799404144287,9.586436791855868e-07,7.559328903604235,0.0,0,1,2017
1004,0.06621688604354858,1390.1795047521591,900.0,1,1.9112874269485474,1.3172664364235588e-07,10.734650969833432,0.31512678732195276,0,1,2017
1008,-0.384137362241745,1790.8201777935028,1738.188712424517,-1,0.0,0.0,13.625312505387631,0.0,0,1,2017
1020,-0.3514297306537628,1867.106998205185,1855.3975315279474,-1,0.0,0.0,13.62462278223479,0.0,0,1,2017
1051,0.48646309971809387,1862.3366832733154,1508.674915281619,8,2.829329490661621,-7.182932420973316e-07,7.420945616768704,0.0,4,1,2017
1059,-0.07637306302785873,2015.6959805488586,90.0,0,0.0,0.0,12.848896645726755,1.1172677005051053,0,1,2017
1061,0.36963313817977905,2184.8598914146423,1200.74976577137,7,2.8309922218322754,-2.9212553010334617e-07,7.419633025990484,0.0,4,1,2017
1074,0.0752122774720192,1464.9331576824188,201.24611797498108,8,2.1782333850860596,5.384959316032443e-07,7.156900299860212,0.8021409131831525,0,1,2018
1104,0.07306140661239624,2243.5943083763123,90.0,5,3.1386802196502686,-1.2826665037452358e-06,7.00807402460895,1.088619810748564,4,1,2017
1105,0.12515375018119812,2255.6512484550476,1592.2625411658719,5,2.299053907394409,2.8242154164332686e-07,8.152554235363818,0.0,4,1,2016
1106,0.06580371409654617,2255.6512484550476,939.6275858019495,3,1.046334147453308,1.0283780637473121e-07,8.242290589428952,0.08594366926962349,4,1,2017
1121,0.02162078581750393,2250.7809230089188,90.0,2,2.178597927093506,1.7623836926015073e-06,8.844848076484235,0.5729577951308232,4,1,2017
1126,0.02162078581750393,2250.7809230089188,90.0,2,2.178597927093506,1.7623836926015073e-06,8.844848076484235,0.5729577951308232,4,1,2017
1127,0.02176535502076149,2391.335027694702,0.0,4,2.1785759925842285,-1.1951542975240018e-06,8.946978193937632,1.0026761414789407,0,1,2000
1132,0.0031604371033608913,2391.335027694702,90.0,5,2.8323745727539062,9.235198826965697e-07,7.848693936354956,1.1745634800181877,0,1,2010
1139,0.22207437455654144,2425.281927585602,450.0,6,2.0938720703125,4.1083771405399497e-07,7.36271030794597,0.5156620156177409,4,1,2017
1143,0.39856037497520447,2222.4641301631927,180.0,0,3.6721813678741455,1.6128044463344748e-06,8.647126262633583,0.888084582452776,4,1,2017
1149,0.0746268630027771,2250.7809230089188,270.0,3,1.417234182357788,1.0282709800733149e-07,7.364044202217819,0.8021409131831525,4,1,2010
1150,0.018759630620479584,2333.0092730522156,1080.0,7,1.04660165309906,1.0606805592395006e-07,7.7742067312662035,0.0,3,1,2007
1163,0.28364458680152893,1517.1390964632337,324.49961479175903,9,2.3033652305603027,-5.360985002995478e-07,9.098113936551352,0.6875493541569879,0,1,2018
1165,0.661838948726654,1488.9065769229055,450.0,10,1.4187228679656982,0.0,7.845394686190565,0.544309905374282,4,1,2018
1177,0.7567928433418274,1635.8437781338016,849.0583018850942,11,1.0475327968597412,-4.530111403310287e-07,7.362290755208118,0.20053522829578813,4,1,2018
1179,0.7567928433418274,1635.8437781338016,849.0583018850942,11,1.0475327968597412,-4.530111403310287e-07,7.362290755208118,0.20053522829578813,4,1,2018
1190,0.05790059268474579,1683.3371090681703,956.7131231461185,8,1.4178301095962524,0.0,8.241360505118486,0.05729577951308232,7,1,2017
1199,0.26252302527427673,2353.923436164856,1183.7651794169315,4,0.0,1.0285922868619214e-07,8.537946566384058,0.0,4,1,2017
1207,0.5465829372406006,1219.085260080872,742.1590126111789,19,0.0,0.0,8.23942736830285,0.6875493541569879,1,1,2017
1220,0.26653096079826355,1703.4555325045076,2334.8019187931122,16,1.4198189973831177,1.2853387250916439e-07,8.941578140435567,0.0,6,1,2018
1250,0.07504606992006302,1124.7733846902847,524.7856705360771,20,1.4203946590423584,-1.2853387250916439e-07,7.842105234191854,0.6302535746439055,7,1,2017
1251,-0.2934761047363281,1109.4194777011871,853.8149682454624,20,1.051100730895996,1.6070917564234853e-08,11.74523687221212,0.05729577951308232,0,1,2017
1259,0.4814537763595581,1366.798826098442,994.0824915468535,5,2.86560320854187,9.7330799020264e-06,6.354167348718125,0.02864788975654116,4,1,2018
1270,0.12330664694309235,1314.436506986618,524.7856705360771,11,1.050721526145935,1.6070917564234853e-08,8.238171472889418,0.5729577951308232,4,1,2017
1283,0.1532459408044815,1629.407935776264,2124.0762698170706,12,1.4210337400436401,3.5989484302566025e-07,7.412306054858941,0.0,0,1,2017
1285,-0.27102935314178467,1670.754514591652,402.49223594996215,8,7.075757026672363,1.726781144032759e-05,7.632416911833675,0.5156620156177409,0,1,2017
1292,0.12880054116249084,2679.205284357071,90.0,3,0.9559096097946167,1.607091756423485e-08,7.841302468678862,0.6875493541569879,0,1,2017
1302,0.3685513734817505,2723.7955334186554,2197.1800108320663,5,1.4202696084976196,5.139749202651841e-07,10.996418265657557,0.0,4,1,2007
1309,0.41618460416793823,2677.316782951355,371.07950630558946,7,7.881893157958984,8.095159269008494e-06,8.453389403593256,0.544309905374282,0,1,2017
1316,-0.1568971872329712,1089.1682397127151,630.0,18,0.9559096097946167,1.1892478997533795e-07,8.930280769662653,0.40107045659157625,0,1,2018
1344,0.05232522264122963,1609.1284441556309,284.60498941515414,16,2.841029644012451,9.586436791855868e-07,6.814893130212951,0.48701412586119974,0,1,2018
1350,0.5767503976821899,1718.099634885788,270.0,16,3.052145004272461,4.364696552669597e-07,8.236584956817012,0.5729577951308232,1,1,2016
1356,0.5138044357299805,1878.5019699335098,547.4486277268397,11,1.0532928705215454,1.3820989105241977e-07,7.07445897008081,0.6302535746439055,4,1,2017
1369,-0.13516610860824585,3046.0153534412384,127.27922061357856,3,1.421779751777649,-1.7024533024001987e-07,8.139952726844765,1.1459155902616465,0,1,2017
1381,0.72108393907547,3189.158886909485,450.0,11,1.4213060140609741,-4.11308392029326e-07,7.840304664036169,0.6875493541569879,3,1,2017
1384,0.5174357295036316,2881.8108263015747,1328.834075421006,11,3.052107572555542,-6.6504927728054866e-06,9.736650561650249,0.0,4,1,2017
1408,0.3862466812133789,1609.6909028291702,1408.7228258248676,18,1.9112874269485474,1.4019691382606678e-06,7.542023191017357,0.0,6,1,2017
1417,0.6085191965103149,1793.5889551639557,254.55844122715712,17,2.313101053237915,-2.5685374482122814e-07,9.430484594798283,0.6302535746439055,4,1,2017
1422,0.35341042280197144,2014.6352603435516,201.24611797498108,13,1.4224544763565063,2.5706774501832886e-08,8.831229007683243,0.6589014644004466,4,1,2017
1433,0.5301318168640137,3387.0326598882675,284.60498941515414,6,2.3150393962860107,2.055899681060737e-07,7.836288515083899,0.6589014644004466,3,1,2017
1435,0.36369165778160095,3775.936935186386,254.55844122715712,7,1.0544085502624512,7.712032350549863e-08,7.409132924641059,0.8021409131831525,4,1,2017
1441,0.13165681064128876,3980.716852426529,1772.7944043232987,7,0.9559096097946167,-7.712032350549863e-08,10.432020781392147,0.0,3,1,2017
1444,0.002238065004348755,3610.094515323639,1260.0,6,2.1068191528320312,-4.6586252019857565e-07,10.181009928414078,0.0,0,1,2017
1454,0.13800804316997528,3552.8664095401764,685.4195795277518,8,0.0,-1.607426567205401e-08,12.799118750918351,0.34377467707849396,0,1,2017
1486,0.4928215444087982,1738.1425483226776,2476.226968595569,20,2.1108081340789795,-3.337709128512045e-07,7.441265606874419,0.0,4,1,2017
1493,0.2885134518146515,1651.1187324523926,1337.9461872586655,13,2.8452720642089844,4.721898782128853e-07,8.09190461609573,0.0,4,1,2017
1502,0.225692018866539,2615.218573331833,648.9992295835181,7,2.315426826477051,1.9810875946191316e-06,11.178367645552193,0.6016056848873643,4,1,2014
1508,0.443545937538147,2572.6210181713104,900.0,12,0.9559096097946167,-2.2164014691625226e-07,7.835825710226551,0.11459155902616464,4,1,2014
1514,0.05144161358475685,3952.6792662143707,886.3972021616494,4,2.8455257415771484,-7.856740827956636e-07,7.4423707065966145,0.08594366926962349,0,1,2017
1519,-0.31956571340560913,3808.0838491916656,576.2811813689564,0,3.960639238357544,-1.2052051802548803e-06,8.528538967427764,0.25783100780887047,0,1,2017
1530,0.5072236657142639,3771.135204076767,774.2092740338364,6,4.322091102600098,-4.604187304249956e-07,7.071895753171289,0.544309905374282,4,1,2017
1534,0.414108544588089,1565.553183545304,810.0,17,3.166616201400757,-2.7241081898066154e-07,7.439887490804416,0.20053522829578813,4,1,2017
1559,0.06480227410793304,1997.4355561733246,763.6753236814712,20,0.9559096097946167,-1.0283780637473121e-07,8.0963892420841,0.2864788975654116,7,1,2018
1568,0.42485806345939636,2109.6414738182375,956.7131231461185,25,3.315194606781006,-1.931309755621195e-06,7.403511874078029,0.08594366926962349,6,1,2018
1573,0.5425981283187866,2115.623951960899,324.49961479175903,26,2.1166656017303467,0.0,7.435771948917863,0.48701412586119974,6,1,2018
1595,0.046018991619348526,2240.8409390449524,648.9992295835181,19,3.0547916889190674,1.8191160091772527e-06,6.5970804679358,0.716197243913529,7,1,2018
1611,0.1437550187110901,2240.8409390449524,1620.0,23,0.9559096097946167,0.0,8.22949115201404,0.0,7,1,2018
1613,0.3726501762866974,2249.2768263816833,1272.7922061357856,26,1.4283286333084106,-4.111799362121474e-07,8.519504743917432,0.0,4,1,2018
1615,0.20484061539173126,2348.12899017334,524.7856705360771,25,2.186061143875122,-7.864918118167018e-07,8.093421769066108,0.42971834634811745,4,1,2018
1634,0.36189404129981995,2420.865456342697,810.0,21,2.1234540939331055,3.533393646490982e-08,7.429416010905374,0.40107045659157625,4,1,2018
1637,0.29009056091308594,2305.3996000289917,1224.13234578619,26,2.327587842941284,1.036453672126108e-06,7.02501867394523,0.0,6,1,2018
1645,0.07664928585290909,2420.865456342697,0.0,18,0.0,0.0,21.672169872624593,1.059971920992023,7,1,2018
1651,-0.15391229093074799,2305.3996000289917,1083.7435120913067,32,1.0613893270492554,-4.8222797016162036e-08,6.738175409420437,0.0,0,1,2018
