event_id,event_year,countries,dfo_main_cause,dfo_severity,start_date,end_date,label,lon,lat,rainfall_mm,ndvi,lulc_igbp,elevation,slope,curvature_profile,twi,drainage_density,dist_to_water
,,,,,,,0,110.07843202190102,-7.385274529567616,3492.1085567474365,0.4529321,10,3184,26.116169,-0.016800276266622432,5.352445164529342,0.0,1390228.5000315595
,,,,,,,0,110.00432101096116,-7.290951424735066,2966.8513798713684,,8,2343,27.691217,0.01349530961302377,7.295334156086022,0.0,674.1661516273269
,,,,,,,0,110.15703460926147,-7.180907802430426,2650.561814069748,0.57615316,2,660,8.118205,-0.008196500750234427,6.584069533555861,0.0,624.2595614005444
,,,,,,,0,109.75953009603859,-7.421207140932397,2870.951673448086,,2,738,14.586912,0.0030568869112005755,7.878423534398458,0.0,349.85711369071805
,,,,,,,0,110.05148256337743,-7.481843422610465,2718.852756500244,0.71222705,2,900,9.774736,-0.004618665490867572,5.990329571124985,0.0,624.2595614005444
,,,,,,,0,106.37512726311829,-6.392636140615545,2254.8333212137222,,14,65,0.46373534,1.1294719909454304E-5,14.05535146481778,0.0,300.0
,,,,,,,0,106.9298369510621,-6.513908703971681,2716.9886236190796,,13,279,2.9081814,-6.938183371730882E-4,7.771074248558523,0.0,30.0
,,,,,,,0,108.17400361956763,-7.1966283199025165,2507.0637570917606,,13,517,1.9308789,6.90527773091106E-5,8.02545847277786,0.0,30.0
,,,,,,,0,108.44574399301379,-7.223577778426103,2505.1625411212444,,8,321,3.1220448,0.0013239055871240993,13.164994204689952,0.0,450.99889135118724
,,,,,,,0,109.13744676178582,-7.304426153996859,3126.312219724059,,2,1366,16.937044,-0.0010698315547695114,7.4985451743171865,0.0,445.9820624195552
,,,,,,,0,109.51698496932632,-7.531250763237039,2850.0669464096427,,8,208,4.197839,-0.0017258063157319745,8.16295809819084,0.0,127.27922061357854
,,,,,,,0,110.07843202190102,-7.594132833125405,2428.9509892463684,0.7725674,2,350,6.4438577,2.2079216975768023E-4,6.411424663350461,0.0,120.0
,,,,,,,0,110.5028859936475,-7.457139752297178,2408.737309843302,0.7554241,8,1008,4.8072457,2.1419952110019418E-4,12.29781381674594,0.0,787.4642849044013
,,,,,,,0,111.77624790888692,-7.486334999031063,2070.062872171402,,9,265,4.5154634,0.0029435407774455985,9.986740100473398,0.0,582.494635168428
,,,,,,,0,111.73582372110154,-7.731125913953632,2009.7406554222107,,9,751,8.082559,-2.2957084063642466E-4,8.26014198566601,0.0,1390228.5000315595
,,,,,,,0,112.50388328902373,-7.9265094882496285,2284.3174455165863,0.62969935,2,1473,8.483222,0.00769910802277112,6.1330995214163195,0.0,1390228.5000315595
,,,,,,,0,113.05410140054694,-7.973671040665903,2400.1415390968323,0.7477954,9,1669,2.8647556,0.00110654645353137,7.7829679897417465,0.0,1390228.5000315595
,,,,,,,0,113.66046421732761,-8.041044686974868,2417.346510887146,0.8287113,2,961,26.214128,0.009199744465270535,5.165262065720276,0.0,1390228.5000315595
,,,,,,,0,113.88055146193689,-8.211724590957576,2076.902758151293,0.80810964,2,381,6.912299,0.001878580285810905,8.417164035555183,0.0,1390228.5000315595
,,,,,,,0,113.2966465272592,-7.939984217511421,2020.6639738082886,0.8710066,2,335,2.7821746,4.0729061003108927E-4,8.756543440666986,0.0,335.4101966249685
,,,,,,,0,114.8192909338418,-8.288081390107736,1913.622361421585,0.480504,2,963,17.702812,-0.0025665915863015043,5.373855379601151,0.0,1390228.5000315595
,,,,,,,0,115.25946542306036,-8.332997154313711,1813.9502384662628,,2,824,8.168802,-0.002048007998347414,9.125869520569289,0.0,1390228.5000315595
,,,,,,,0,115.51323949082412,-8.380158706729986,1847.8331162929535,,8,1156,12.8817835,-7.330399055957089E-4,8.520997651636655,0.0,366.1966684720111
,,,,,,,0,116.34642691684498,-8.528380728609708,1732.0454533696175,,2,643,3.2711043,-5.416983095455503E-4,8.698272085104316,0.0,540.8326913195983
,,,,,,,0,111.15416457463415,-7.6188365034386925,3509.111635684967,,2,1685,14.360372,-0.0010876642152491496,7.639526022283332,0.0,403.6087214122113
,,,,,,,0,110.76339742604216,-7.49082657545166,2044.307194530964,0.5855639,14,128,0.41911715,-9.832216288087905E-6,9.552494181904255,0.0,127.27922061357854
,,,,,,,0,110.62415855700362,-7.488580787241362,2194.693037033081,0.5267649,14,353,2.3630502,-2.408462734103872E-4,8.228054929033668,0.0,1390228.5000315595
,,,,,,,0,110.41979182986644,-7.668243844065266,1962.2609506696463,0.5862681,13,411,2.5729,5.8833168740033994E-5,9.203169513139198,0.0,108.16653826391968
,,,,,,,0,109.5327054867984,-7.3493419182028354,3266.0389438271523,,8,262,5.152478,-5.022008477018123E-4,7.041848315524761,0.0,300.0
,,,,,,,0,108.02802738589821,-7.297688789365963,2745.6571220457554,,2,722,4.609274,0.001479992517130823,6.971651465848833,0.0,324.4996147917591
,,,,,,,0,106.86920066938403,-6.828319053413513,3057.8552600533585,,2,843,13.912616,-0.004004053273565866,7.331472304799054,0.0,1390228.5000315595
,,,,,,,0,106.41779723911397,-6.671113878692597,3385.382196211518,,2,1404,6.2123938,-0.008254409616270967,6.450218964710822,0.0,590.9314681077662
,,,,,,,0,106.26283785260335,-6.504925551130485,2715.5917316675186,,8,118,2.385687,3.987742155136009E-4,9.424361378620057,0.0,436.80659335683106
,,,,,,,0,109.27443984261404,-7.275230907262975,3214.4289058744907,,2,936,8.667569,0.00403842359020817,9.748266575740779,0.0,1390228.5000315595
,,,,,,,0,109.20032883167418,-7.2370525076878955,4166.774637840688,,2,2559,20.77,0.0021687230608350965,7.4244394522339805,0.0,666.1080993352356
,,,,,,,0,109.88304844760502,-7.28421406010417,2179.4270334243774,,8,1156,5.1117887,-0.0016540685110763296,7.049954205058976,0.0,563.6488268416781
,,,,,,,0,111.4326423127112,-7.737863278584529,1763.2150316238403,,14,105,0.5815856,-6.6543461172819E-6,9.735117567888395,0.0,335.4101966249685
,,,,,,,0,32.547085637755416,34.907409046779456,920.9092531204224,0.41755965,12,528,7.50672,2.887339827634845E-4,6.071468479673564,0.0,150.0
,,,,,,,0,32.65712926006005,34.99724057519141,1022.1889323294163,0.5393361,1,891,18.122572,0.0025558299914836924,6.908496598629161,0.0,711.1961754677818
,,,,,,,0,32.96255645666069,34.972536904878126,896.6989577263594,0.44863075,10,1214,13.386782,-0.023910640330647513,5.703701279679996,0.0,268.3281572999748
,,,,,,,0,33.11976163138161,34.91414641141036,814.1789768636227,0.411747,6,895,18.58204,-1.9768140361417846E-4,6.580784641096011,0.0,150.0
,,,,,,,0,33.42743461619255,35.035418974766486,620.9577350020409,0.33733818,12,206,0.7098461,-1.5152072402430511E-6,8.655134198943934,0.0,480.0
,,,,,,,0,148.4364946538046,-22.198493564698527,517.3964185714722,0.3939139,10,185,1.3350507,1.038290445002781E-4,10.0005454164189,180.0,192.09372712298546
,,,,,,,0,147.60330722778374,-23.16867407154761,479.5433146953583,0.22964472,7,300,1.3433787,3.9669527000515176E-5,8.824313333282012,0.0,90.0
,,,,,,,0,147.0980048804665,-22.51514970235066,452.74746007472277,0.21956916,7,250,0.39394444,-1.7905114808178835E-7,9.362724048149895,1260.0,108.16653826391968
,,,,,,,0,150.01752955385496,-24.302797117748504,496.98653880134225,0.2525665,10,142,0.86050975,8.183612748262536E-6,10.325881231093723,0.0,123.69316876852982
,,,,,,,0,146.37935265317088,-23.745841641594403,352.4182353677206,0.24911506,7,473,0.69558406,3.673338188263639E-6,10.730946997315955,0.0,1390228.5000315595
,,,,,,,0,147.04186017520902,-24.08944723777012,472.4278140829556,0.25570965,10,499,2.3051987,-1.6842198640515705E-4,9.585300463214548,0.0,127.27922061357854
,,,,,,,0,146.08066282120114,-22.40286029183572,388.94534796476364,0.14542514,10,318,0.82884884,-1.368871160268781E-5,12.02739287349917,0.0,134.1640786499874
,,,,,,,0,143.1476634185509,-19.517022441601753,654.6023015975952,0.2864887,7,384,0.4358055,4.083598953617319E-7,9.869241204340941,0.0,1390228.5000315595
,,,,,,,0,136.52034240995914,-22.968798920831016,128.48176312446594,0.14624394,7,275,0.0,8.544642536926625E-9,14.387450311406505,0.0,1390228.5000315595
,,,,,,,0,136.99869529875278,-22.182773047226434,141.05169291980565,0.13440433,7,223,0.11593621,6.834708854757517E-8,14.19909821097084,2160.0,1390228.5000315595
,,,,,,,0,5.14397789568941,43.94446080502185,913.336005717516,0.6738772,1,597,19.145233,-0.005294503120960968,5.785861440344204,0.0,390.0
,,,,,,,0,5.453896668710645,43.95119816965274,1012.0045420329552,0.643152,8,670,5.9694858,-9.445983928830312E-4,6.732517884824492,0.0,429.5346318982906
,,,,,,,0,5.352836199247199,43.787255630300926,855.4801920654718,0.62061214,8,391,10.154801,-0.0016075286733748058,5.639791050600906,0.0,1390228.5000315595
,,,,,,,0,4.982281144547897,43.71314461936107,812.7791664350743,0.4329084,8,445,7.593952,-0.017418261155175804,6.744818307784874,0.0,458.91175622335066
,,,,,,,0,4.86325436940206,43.60983836168732,748.9454125829288,0.69101167,12,33,0.23187147,-3.64410626350682E-7,9.429284885027112,0.0,234.30749027719963
,,,,,,,0,144.0572076437219,-25.692940019923466,261.6666569067165,0.13965112,6,289,0.28222167,-3.377446917789811E-7,10.770378030911772,0.0,403.6087214122113
,,,,,,,0,144.2728033119106,-25.672727926030777,266.1260777177522,0.112013355,7,251,0.11593621,2.278459647968522E-8,10.338463687945072,0.0,123.69316876852982
,,,,,,,0,66.83353424438725,28.59674417583982,101.47717000747798,0.094262294,16,1642,2.033379,-1.8312000545666855E-5,11.04511534370297,0.0,630.7138812488591
,,,,,,,0,-88.88717446952151,31.089569089271492,1828.8091738345101,0.7329949,8,60,2.5705678,-6.294174118746319E-5,7.594561830295164,0.0,182.48287590894657
,,,,,,,0,-88.76590190616537,31.554447248803342,1695.5955104157329,0.75543267,4,100,1.3545066,2.2336377293589148E-7,8.836648326453284,0.0,67.0820393249937
,,,,,,,0,-89.2577295242208,32.589755613751095,1718.1672343281098,0.66684693,8,128,0.65106535,-1.0101307780699158E-5,8.769752078191841,0.0,60.0
,,,,,,,0,-84.67856736342155,32.5807724609099,1606.1877072291,0.6350213,8,147,1.3368603,4.667098370000906E-5,12.552028857591768,0.0,108.16653826391968
,,,,,,,0,-84.70551682194514,32.49767829712884,1537.5217554162587,0.6623744,8,127,0.967286,1.215967168140218E-4,13.552015048346897,0.0,192.09372712298546
,,,,,,,0,36.25937354937934,17.695688203049425,209.57080018520355,0.10849241,16,894,11.463153,-0.0037435622361353927,6.193134613131705,0.0,1390228.5000315595
,,,,,,,0,31.88233232750697,16.29880793624357,120.14600403606892,0.10014966,16,348,0.5796621,1.7137752744971163E-6,9.014084537278519,0.0,1390228.5000315595
,,,,,,,0,34.63117709691271,18.96680433007855,46.011580010344915,0.055002462,16,395,0.26228356,1.1105857508263268E-7,14.36102385887413,0.0,1390228.5000315595
,,,,,,,0,34.77266175416153,15.274728512347314,400.82349868118763,0.10467111,10,526,0.37872177,1.9543662904783544E-6,10.137774000850422,0.0,60.0
,,,,,,,0,-86.53358842512836,37.54845598209085,1607.0042784863617,0.680596,4,216,2.9106202,-1.5521807505786595E-5,6.9890486148647675,0.0,134.1640786499874
,,,,,,,0,-86.55155473081075,38.2132092923393,1584.7621723389093,0.69122374,4,237,0.86347914,-5.155525555850469E-4,8.41851546868861,0.0,361.2478373637689
,,,,,,,0,-86.39210376787953,36.83204954300553,1563.6102187221404,0.55620086,9,205,1.4666144,-3.519302905836802E-6,9.698521130723638,0.0,150.0
,,,,,,,0,-91.7258507673392,37.51027758251577,1278.2864194909796,0.7483115,4,388,1.1946578,-6.0242188990245305E-5,7.88023702974828,0.0,152.97058540778355
,,,,,,,0,-92.30301833738599,37.391250807369936,1265.3040008023381,0.68205774,9,384,4.43172,-0.0018510414017674527,9.133674027306814,0.0,234.30749027719963
,,,,,,,0,125.08928041953823,-19.44964879529279,389.3445737024682,0.1416335,7,216,0.4356769,5.304303284752573E-7,14.19771555750407,0.0,1390228.5000315595
,,,,,,,0,126.54904275623245,-18.167303727212175,454.0834933253236,0.16283406,7,436,0.86656696,-9.465426556993197E-4,8.378978879103917,0.0,436.80659335683106
,,,,,,,0,129.29564173742787,-19.41371618392801,333.2888310600997,0.18168093,7,427,0.99011964,-6.745585942663985E-6,9.560001546522408,0.0,258.0697580112788
,,,,,,,0,122.82552590355704,-20.269361492051853,747.7446389290053,0.17202635,7,185,1.8386443,-2.6956660423887335E-4,8.530161246572328,0.0,1390228.5000315595
,,,,,,,0,125.76975424725876,-21.151956258699283,212.24643540382385,0.12193361,7,361,1.3284721,-2.7615059543952728E-5,8.15655503144282,0.0,848.5281374238571
,,,,,,,0,130.3870948076331,-17.51602514622552,438.022534057498,0.21123303,7,322,1.4151486,2.468502469970666E-5,9.724410608052679,0.0,1390228.5000315595
,,,,,,,0,33.17366054842878,-21.899803732728785,528.2488925021607,0.2717873,10,129,0.2633953,-8.537944928348488E-9,10.106020932515607,0.0,499.29950931279717
,,,,,,,0,33.1422195134846,-21.79649747505504,562.0815881988428,0.34060127,9,127,0.17038734,2.2496480593661492E-7,11.081281413771425,0.0,212.13203435596427
,,,,,,,0,33.631801343329734,-21.825692721788926,666.4627447340831,0.67478144,9,170,0.42819694,-6.591505520602342E-6,9.28416628307572,0.0,210.0
,,,,,,,0,33.66099659006362,-21.8706084859949,689.1566271738034,0.3539716,9,169,0.17043428,1.8225890279353374E-7,9.981913822304655,0.0,551.5432893255071
,,,,,,,0,33.02993010296966,-21.697682793801892,516.6274900870516,0.4354528,9,154,0.17032509,-3.130579807061127E-8,9.98374275563133,0.0,1390228.5000315595
,,,,,,,0,135.04935113221342,-15.95969391648845,793.8500831723213,0.29287592,10,163,0.23187147,-6.7423335295486E-7,9.708851438451783,0.0,1390228.5000315595
,,,,,,,0,135.09426689641938,-16.26062953666849,765.9785647790413,0.216141,10,191,0.84667325,-8.856714878150401E-6,9.105358459655472,0.0,150.0
,,,,,,,0,135.51647507995557,-16.494191510539565,808.7596993297338,0.2414271,10,137,2.0092902,4.077868371499756E-4,12.054509033728861,0.0,1390228.5000315595
,,,,,,,0,134.3486652106002,-16.283087418771476,779.5919611769496,0.25575298,7,258,0.7613764,2.9431338593586167E-6,10.687261846376035,0.0,429.5346318982906
,,,,,,,0,135.71859601888247,-16.920891270496337,776.2307506204774,0.24181674,10,179,0.5373193,-1.2705040196103095E-5,8.86363728719294,0.0,678.8225099390856
,,,,,,,0,28.16555283946245,-16.119144879419665,721.5225430503488,,10,1043,2.5941038,5.280849933564272E-4,7.852514187508938,0.0,1390228.5000315595
,,,,,,,0,26.593501092253284,-16.74571979009303,738.7282007336617,0.27176005,10,1288,0.8380824,1.2227855076931739E-6,12.231999414465653,0.0,400.24992192379
,,,,,,,0,25.490819080996573,-15.072607573420422,726.0792082892731,0.6031967,9,1157,0.16690448,-1.6162799924188997E-6,11.140398765701473,0.0,1390228.5000315595
,,,,,,,0,28.250892791453804,-15.110785972995501,684.9350769026205,,10,1133,1.2262481,3.2294509246674844E-5,12.92614558090197,0.0,240.0
,,,,,,,0,26.609221609725378,-13.956450832901917,958.6325818579644,,5,1210,0.9576817,2.8979190491472566E-5,10.132150548601066,0.0,1390228.5000315595
,,,,,,,0,-82.34519341292109,33.53747823849719,1455.5741536447624,0.60394675,8,116,0.92740995,4.126848765401676E-5,8.405383994615592,0.0,67.0820393249937
,,,,,,,0,-82.44849967059484,33.46561301576762,1480.5390099063516,0.7892708,8,160,0.5678479,-1.8235594060931022E-6,9.079007763608608,0.0,42.42640687119285
,,,,,,,0,45.985882288183454,40.474718020110195,869.039626121521,0.47280395,10,1894,12.651276,-7.666529653230429E-4,6.3802373637680665,0.0,632.8506932918697
,,,,,,,0,46.58775352854354,40.51738799610587,668.0953450703528,0.15980718,10,740,6.168415,-0.002144898657972714,6.194566343003704,0.0,543.3231082882451
,,,,,,,0,46.55182091717876,40.018823013419535,895.4164433591068,0.4012137,4,1119,6.626912,0.004003565443308408,11.667022125648682,0.0,276.5863337187866
,,,,,,,0,46.522625670444874,39.500045936840515,713.7908380310982,0.23069385,12,1149,0.5693144,-5.345955707013393E-6,8.99944048637887,0.0,335.4101966249685
,,,,,,,0,40.789128369552024,40.19399449382284,702.5827091783285,0.21504612,12,2005,7.994237,-0.005316631884806514,9.886715593319314,0.0,670.820393249937
,,,,,,,0,44.38688108245071,38.139098281399434,586.3698289878666,0.29111993,10,2585,5.7095184,0.006011142614525753,10.860569670929118,0.0,807.7747210701756
,,,,,,,0,48.59548818855067,36.45700291188563,377.666616932489,,10,2096,4.077246,5.636019793114589E-5,8.168807706211465,0.0,1390228.5000315595
,,,,,,,0,47.63429083454278,34.97702848129872,584.2331063044858,0.13538681,10,1990,8.879099,1.2665651057751335E-4,5.90084721297771,0.0,1390228.5000315595
,,,,,,,0,42.722752018619296,39.655005323351126,727.943987518549,0.1946815,10,2029,14.014163,-0.016710285097169788,5.3727101203130365,0.0,624.2595614005444
,,,,,,,0,-4.5174029850160435,18.948838024396156,81.2386206581723,0.06751639,16,292,0.16872029,-1.2750622486952702E-6,10.010671739787698,0.0,1390228.5000315595
,,,,,,,0,3.5764177249008453,19.82694121462299,91.22164939530194,0.082969405,16,505,0.5447636,1.1437908469489863E-6,9.844839868650197,0.0,1390228.5000315595
,,,,,,,0,9.770301608904946,15.03892075026594,202.5014884211123,0.11316243,16,478,0.11593621,2.848214178975544E-9,11.099472132361285,0.0,1390228.5000315595
,,,,,,,0,13.170424959297335,18.066243257748727,46.910988320632896,0.07698359,16,428,0.59234905,-1.4344846361815166E-5,9.570802474194911,0.0,1390228.5000315595
,,,,,,,0,11.337861779693512,20.84203748567805,10.210014730456578,0.092477545,16,454,0.11593621,3.046991675344025E-7,10.374110429451603,0.0,1390228.5000315595
,,,,,,,0,14.333743252232116,25.820949947910496,2.710483882576227,0.07311421,16,453,0.62157387,-7.095572584284869E-6,8.658131106147058,0.0,1390228.5000315595
,,,,,,,0,22.51065812593006,20.23567466889737,1.5973726777200383,0.07232593,16,616,0.11593621,4.486256186308017E-6,14.586422230337988,0.0,1390228.5000315595
,,,,,,,0,26.96181035874229,17.5542035458006,9.102067471979396,0.0995498,16,490,0.50001055,5.727878394214876E-7,11.011561043004612,0.0,1390228.5000315595
,,,,,,,0,-4.589268207745605,22.488200243827073,67.68735955655575,0.10693439,16,281,4.419178,-0.002389413277347058,7.413954651258942,0.0,1390228.5000315595
,,,,,,,0,4.719523923942936,28.830306149710893,20.392461251467466,0.13650939,16,360,0.37213036,-1.792947271146683E-6,11.159186534830726,0.0,1390228.5000315595
,,,,,,,0,28.358690625548146,22.786890075796812,0.5831951797008514,0.07942978,16,277,0.5931437,1.1103841585431774E-6,13.457881311276534,0.0,1390228.5000315595
,,,,,,,0,19.93923062513793,14.904173457648012,221.07115579396486,0.10149612,10,390,0.34780484,-7.112166170409911E-8,11.44840086718383,0.0,1390228.5000315595
,,,,,,,0,-0.13587018672307763,24.491443327413606,33.03625364974141,0.086279795,16,308,0.0,-2.278459647968522E-8,11.052751122015293,0.0,1390228.5000315595
,,,,,,,0,-3.8144712751925183,7.939984217511421,1087.6994518395513,0.4872197,9,200,0.47828013,6.120779526379694E-5,16.831442380705063,0.0,1390228.5000315595
,,,,,,,0,-1.6585145933056666,8.984275735300365,1126.7149469815195,0.2678924,10,226,0.42160767,-3.868831142473332E-6,9.83053698953649,0.0,169.7056274847714
,,,,,,,0,-1.4900804775332563,8.454269717669847,1013.2402600944042,0.18679248,10,124,0.6302287,2.8340661080650432E-6,9.142267261044703,0.0,715.6116265125938
,,,,,,,0,-1.3755452788080174,8.14659673285891,1223.6847715023905,0.34489402,9,179,0.32958922,1.710594456681628E-5,9.945391501100552,0.0,335.4101966249685
,,,,,,,0,-2.0066117659019813,7.9781626170865,1049.0748385861516,0.28346166,9,244,2.0757794,-4.8496123207551825E-5,9.526543195817034,0.0,1390228.5000315595
,,,,,,,0,-2.406362067335168,9.449153894832218,1154.248769633472,0.2642059,10,341,1.3132441,-6.427255031598295E-5,10.109959741572178,0.0,768.3749084919418
,,,,,,,0,3.268744740089909,10.4215801898916,1275.2374728918076,0.33091688,12,352,1.0507854,2.859421980437311E-5,9.231514981053525,0.0,1390228.5000315595
,,,,,,,0,3.913285956445666,9.550214364295663,1254.9095666408539,0.2760608,10,352,1.165095,5.314965025333188E-5,12.27806268702557,0.0,1390228.5000315595
,,,,,,,0,4.198501059153614,7.118025732542058,1814.4332474768162,0.39761856,14,192,1.8339175,-9.279062443708513E-5,7.894907629542875,0.0,1390228.5000315595
,,,,,,,0,4.218713153046303,7.122517308962657,1873.9129090309143,0.65938485,8,188,1.6393963,1.0483414102129194E-4,11.272486626340271,0.0,1390228.5000315595
,,,,,,,0,4.050279037273893,7.142729402855346,1658.3632467538118,0.5985307,14,127,1.9735621,1.985962528012979E-4,8.609686158273037,540.0,271.66155414412253
,,,,,,,0,3.8683701922396896,6.902430064353374,1707.2102217376232,0.5702861,14,30,0.49366346,4.1770422060322425E-7,10.593979909934673,0.0,318.9043743820395
,,,,,,,0,5.887333793298314,6.675605455113194,2007.4813206195831,0.636343,8,213,1.7294419,8.959735152320534E-5,7.731441680991597,0.0,1390228.5000315595
,,,,,,,0,5.467371397972438,6.90916742898427,1966.1817225813866,0.6793324,8,130,1.6159056,7.454875735395591E-5,8.204207260281061,0.0,1390228.5000315595
,,,,,,,0,7.802991136683194,7.02145683949921,1411.9002141058445,0.3479948,12,157,1.2109886,3.974478867341041E-5,8.780107038935373,0.0,1390228.5000315595
,,,,,,,0,7.333621400730744,7.448156599455983,1428.372473448515,0.56014955,9,293,1.5776712,1.313201646244547E-4,9.479563528749537,0.0,458.91175622335066
,,,,,,,0,10.940357266470622,7.070864180125784,2302.1398919820786,0.69451076,9,780,15.8980665,-0.0032442348346435196,6.4990638283795565,0.0,1390228.5000315595
,,,,,,,0,9.797251067428531,9.963439394990644,968.4714487046003,0.25253972,10,545,0.9348478,-1.92852623344518E-5,9.724515228738712,630.0,182.48287590894657
,,,,,,,0,12.95482929110865,10.479970683359369,1202.8679384589195,0.15724371,12,507,0.7472515,-5.977687621848342E-6,9.739293956448902,0.0,1390228.5000315595
,,,,,,,0,12.40910275600604,5.89407115792921,1831.9914031028748,0.77009743,2,741,0.70527935,-2.697749605507133E-5,9.728358733632078,0.0,1390228.5000315595
,,,,,,,0,11.762315751439985,6.3162793414653855,1972.8605520129204,0.4119002,9,1098,8.490077,-0.010324424432968892,7.520383399735387,0.0,1390228.5000315595
,,,,,,,0,-0.15832806882606568,12.305796498332295,734.8230487704277,0.19260417,10,301,0.59329236,5.6129328052690765E-6,12.84114610071568,0.0,134.1640786499874
,,,,,,,0,-4.492699314702757,5.80199384130696,1345.6261810380965,0.7423971,9,103,0.9989585,3.0779527910566144E-5,8.281931980611764,0.0,637.808748764079
,,,,,,,0,-6.1006836732767,7.05963523907429,1349.2202398180962,0.67043716,9,290,1.8370332,-3.2937045585229635E-5,10.847890274354777,0.0,1390228.5000315595
,,,,,,,0,-6.43979769303182,6.868743241198891,1207.380077958107,0.15091617,13,248,2.0582552,1.9547781120976332E-4,8.735236559816927,0.0,228.47319317591726
,,,,,,,0,-2.6533987704680366,6.8732348176194895,1125.1558408737183,0.5758167,2,286,2.7105055,-4.714305871680312E-4,7.8408290329000865,0.0,1390228.5000315595
,,,,,,,0,-2.4939478075368218,6.682342819744091,1110.9442375898361,0.5300961,8,199,1.9121329,1.1742905047260672E-4,11.924386307681488,0.0,1390228.5000315595
,,,,,,,0,-2.7701797574035747,6.763191195314848,1187.8013621270657,0.5977481,8,228,1.7672554,-3.62067628735811E-5,9.095588517396159,0.0,1390228.5000315595
,,,,,,,0,-2.4961935957471204,6.071488426542817,1580.491361439228,0.4731836,8,291,9.042066,0.0034777019671704784,7.0824593549441754,0.0,1390228.5000315595
,,,,,,,0,-3.1160311417895903,6.484713457237796,1358.3422340005636,0.65196806,2,203,2.7403197,4.0852841039627156E-4,7.964137886170124,0.0,351.14099732158877
,,,,,,,0,-2.974546484540766,5.775044382783374,1670.0166466012597,0.36442667,2,201,8.090204,0.002384637094648567,7.3627438432422165,0.0,1390228.5000315595
,,,,,,,0,-2.10318065894483,6.008606356654449,1549.4137701243162,0.2645661,2,147,1.280404,-7.41789257051391E-5,8.033355024089204,0.0,1390228.5000315595
,,,,,,,0,-1.5574541238422204,5.986148474551461,1382.473212838173,0.57065856,2,135,0.5942569,-8.85472188477482E-6,10.781840733863955,0.0,670.820393249937
,,,,,,,0,-1.229569045138595,6.419585599139131,1404.7328781560063,0.6450195,8,213,0.9390735,4.5524092300304904E-5,8.748002501527454,0.0,1390228.5000315595
,,,,,,,0,-1.240797986190089,6.42183138734943,1404.7328781560063,0.47304344,8,215,2.3776371,9.653372180348492E-4,8.859978972457592,0.0,1390228.5000315595
,,,,,,,0,-1.229569045138595,6.410602446297935,1404.7328781560063,0.59251684,9,219,1.3580439,-4.2354508076849763E-4,7.973736291178974,0.0,1390228.5000315595
,,,,,,,0,-1.2363064097694916,6.408356658087636,1404.7328781560063,0.5900017,9,215,2.2944493,-4.642521911919536E-4,8.460414084769344,0.0,1390228.5000315595
,,,,,,,0,-1.2048653748253082,6.639672843748413,1337.3827000930905,0.2339311,13,256,1.3250124,-9.818623674765007E-5,8.403264237257671,0.0,161.55494421403512
,,,,,,,0,-1.2138485276665034,6.619460749855724,1337.3827000930905,0.10068261,13,243,1.9730743,-6.033760069543902E-4,8.515719332935518,0.0,134.1640786499874
,,,,,,,0,-1.9459754842239134,7.5986244095460025,1176.427899748087,0.027469948,13,416,1.8434734,-2.072898079492421E-4,8.070908625915171,0.0,1390228.5000315595
,,,,,,,0,-1.9167802374900291,7.569429162812118,1176.427899748087,0.20310244,9,433,1.7734128,-2.1642734831532533E-4,9.09037453626233,0.0,1390228.5000315595
,,,,,,,0,-1.9931370366401884,7.612099138807795,1168.3211315274239,0.17286713,9,345,1.2615695,-1.6272983985557126E-4,8.044899313206708,0.0,1390228.5000315595
,,,,,,,0,-2.0694938357903476,7.643540173751979,1137.0325047895312,0.22956537,9,366,1.7247516,-3.24516658807998E-4,8.42500610726682,0.0,1390228.5000315595
,,,,,,,0,-2.0694938357903476,7.6368028091210824,1137.0325047895312,0.22910906,9,370,2.087869,-5.444508486763868E-5,8.456953894682883,0.0,1390228.5000315595
,,,,,,,0,-2.2087327048288734,7.6368028091210824,1132.3125111572444,0.40578952,14,215,1.676198,-4.374795138027872E-4,8.165975113658087,1440.0,1390228.5000315595
,,,,,,,0,-2.0133491305328777,7.668243844065266,1207.6902470961213,0.60596377,9,368,7.8888745,0.00164849504534297,7.527456396732455,0.0,1390228.5000315595
,,,,,,,0,-2.170554305253794,7.672735420485863,1138.3705790638924,0.29802385,9,221,2.2338047,-1.5813336665619106E-4,8.032685384718478,0.0,1390228.5000315595
,,,,,,,0,-2.0380528008461645,7.2348067194775965,1131.1193979531527,0.26778835,9,318,1.7794317,-1.5200947374145865E-4,7.924826297236407,0.0,1390228.5000315595
,,,,,,,0,-1.9684333663269016,7.180907802430426,1173.5439774617553,0.39513487,9,328,3.4707427,-0.0013494936618993507,7.8437842551052155,0.0,1390228.5000315595
,,,,,,,0,-2.100934870734531,7.174170437799529,1098.3276878893375,0.11113116,13,332,0.78259,-3.511122752797286E-5,8.523352875719505,0.0,1390228.5000315595
,,,,,,,0,-5.5504655617534935,14.75595143576829,523.7796542774886,0.16314018,10,272,0.26103228,-1.679458306968604E-7,12.336833842600063,0.0,1390228.5000315595
,,,,,,,0,-3.2732363165105065,14.039544996682972,570.5886475844309,0.17654991,10,266,0.34780484,-8.650512635481433E-7,12.793389212458887,0.0,1390228.5000315595
,,,,,,,0,-6.23318517768433,15.71265721335558,309.00188540352974,0.1542219,10,317,0.0,2.278459647968522E-8,11.80110925849287,0.0,1390228.5000315595
,,,,,,,0,103.27369374469565,15.988889163222334,1163.2299759564921,0.30193472,12,171,0.42972082,3.0835481212693173E-6,15.742962553507976,0.0,152.97058540778355
,,,,,,,0,102.22491065048611,16.175289584677135,1094.8579723930452,0.36957097,12,213,0.58837366,3.470233117076936E-6,11.45066821784358,0.0,108.16653826391968
,,,,,,,0,105.54193983709743,14.304548005498232,2303.510207772255,0.85982656,2,113,0.69195336,-1.3746428521187354E-5,15.347416377030218,0.0,700.3570517957252
,,,,,,,0,105.37350572132503,14.484211062322135,2494.2947170734406,0.7804763,2,325,1.7744409,5.830108168537685E-4,9.184469904729358,0.0,361.2478373637689
,,,,,,,0,104.99172172557422,13.496064249790662,1962.1739398081418,0.72358364,9,139,6.4745812,0.0013528368899921573,8.583571596026419,0.0,394.58839313897715
,,,,,,,0,107.131957889989,14.376413228227793,3291.3222121289,0.8556238,2,786,25.571547,-0.0021330257893917765,5.862562360526035,0.0,1390228.5000315595
,,,,,,,0,107.20157732450825,13.66898994198367,2396.8308346271515,0.8615033,8,284,1.0702423,-7.816146362854506E-5,8.8828839967898,0.0,573.149195236284
,,,,,,,0,107.5047587328986,15.501553121587493,2694.7263708114624,,2,1171,13.713835,0.004099178604852787,6.529418159629796,0.0,1390228.5000315595
,,,,,,,0,136.0374979447449,-25.8187041597002,126.88527053594589,0.12972014,7,106,0.40339124,9.452034704227839E-6,9.901334604078825,0.0,1390228.5000315595
,,,,,,,0,129.60106893402852,-28.19923966261693,231.6634026169777,0.17498711,7,445,1.2176955,5.857425078702525E-5,10.241833309047713,0.0,1390228.5000315595
,,,,,,,0,124.54130809622532,-24.758692124439165,145.40776348114014,0.10648055,7,422,0.17245644,1.1105857508263268E-7,12.14594983370445,0.0,150.0
,,,,,,,0,130.08615918745306,-23.61334013718677,210.33477541059256,0.16600186,7,549,0.12653159,1.3670757887811131E-7,18.605674065858548,0.0,445.9820624195552
,,,,,,,0,125.02639834964985,-27.91402455990898,244.6967089176178,0.15746918,7,424,0.17508563,-4.097611248385943E-7,10.466393888894155,0.0,1390228.5000315595
,,,,,,,0,72.18524754952931,48.105906358705525,287.0226079579443,0.072492406,10,702,1.0480359,6.895481397244913E-7,13.936566033271445,0.0,390.0
,,,,,,,0,72.41431794697978,46.646144022011306,188.48194918328772,0.01016124,10,570,0.38663492,5.395205279195662E-6,11.698361623372,0.0,375.89892258425004
,,,,,,,0,72.68605832042594,46.58101616391264,187.7366881351918,-0.0030071924,10,579,0.1686771,-1.2202086270369728E-6,10.874560045911261,0.0,42.42640687119285
,,,,,,,0,71.79448040093732,46.554066705389054,183.2261463701725,0.033178426,10,549,0.28668407,2.2748902135899949E-7,10.344673680298746,0.0,660.6814663663572
,,,,,,,0,60.594734596177176,40.301792327917184,96.04645568716342,0.09569251,16,160,0.37957358,-5.1516853874397666E-6,11.06716254395056,0.0,1390228.5000315595
,,,,,,,0,21.392255597201256,-0.02358077620813744,2094.9039999246597,0.39645344,2,368,0.11593622,6.835378943905566E-8,10.663652143462958,0.0,1390228.5000315595
,,,,,,,0,22.485954455616774,-1.0768554468382765,2064.1732345819473,0.78965515,2,399,1.6595434,1.4241301519734952E-4,10.59720017739721,0.0,1390228.5000315595
,,,,,,,0,13.055889760572096,1.919026025700328,1790.2442560493946,0.046081506,2,510,3.3670676,7.597099077899139E-4,8.517147421234684,0.0,1390228.5000315595
4364.0,2016,Indonesia,Torrential Rain,1.5,,,1,110.38161343029135,-7.275230907262975,3909.761040210724,,9,468,0.591326,5.0811561270718425E-5,14.727480188229695,0.0,30.0
4364.0,2016,Indonesia,Torrential Rain,1.5,,,1,110.38385921850166,-7.275230907262975,3909.761040210724,,9,470,0.34780484,2.905312580852492E-6,10.02714475287809,0.0,0.0
4364.0,2016,Indonesia,Torrential Rain,1.5,,,1,110.38161343029135,-7.277476695473274,3909.761040210724,,9,468,0.26092497,1.2090682489696854E-6,9.844555609229031,0.0,0.0
4364.0,2016,Indonesia,Torrential Rain,1.5,,,1,110.37712185387076,-7.28421406010417,3909.761040210724,,9,471,0.52184534,-5.137125143865171E-7,16.328809594944143,0.0,30.0
4364.0,2016,Indonesia,Torrential Rain,1.5,,,1,110.37038448923987,-7.28421406010417,3909.761040210724,,9,474,1.0770403,7.201902633982586E-5,9.014546230396862,0.0,42.42640687119285
4364.0,2016,Indonesia,Torrential Rain,1.5,,,1,110.40631710060464,-7.279722483683573,3910.0506529808044,,11,466,0.260926,1.094630102415361E-6,17.282034186574045,0.0,0.0
4364.0,2016,Indonesia,Torrential Rain,1.5,,,1,110.40856288881494,-7.286459848314469,3910.0506529808044,,11,466,0.5796621,7.43134351059729E-6,9.228663090421662,0.0,0.0
4364.0,2016,Indonesia,Torrential Rain,1.5,,,1,110.38610500671196,-7.2931972129453655,3909.761040210724,,9,471,3.0318387,0.0024606009574386924,11.314791736562693,0.0,30.0
4364.0,2016,Indonesia,Torrential Rain,1.5,,,1,110.45572444123123,-7.313409306838055,4169.871777057648,,9,466,0.41906524,1.3473497648435678E-6,16.77221628499209,0.0,30.0
4364.0,2016,Indonesia,Torrential Rain,1.5,,,1,110.46246180586212,-7.302180365786561,4169.871777057648,,9,486,2.1992826,-1.3862281003604684E-4,7.895004272095453,0.0,67.0820393249937
4364.0,2016,Indonesia,Torrential Rain,1.5,,,1,110.45347865302092,-7.297688789365963,4057.3792073726654,,10,465,0.116883285,-2.278459647968522E-8,11.522999923739867,0.0,0.0
4364.0,2016,Indonesia,Torrential Rain,1.5,,,1,110.43326655912823,-7.264001966211481,3910.0506529808044,,11,467,1.1592054,1.686703690101406E-4,11.243539505349482,0.0,0.0
4364.0,2016,Indonesia,Torrential Rain,1.5,,,1,110.46695338228271,-7.297688789365963,4057.3792073726654,,9,485,2.068949,1.6111748522977122E-4,7.55085036958855,0.0,30.0
4364.0,2016,Indonesia,Torrential Rain,1.5,,,1,110.39508815955315,-7.281968271893872,3909.761040210724,,11,467,0.0,-2.278459647968522E-8,19.38226903179413,0.0,0.0
4364.0,2016,Indonesia,Torrential Rain,1.5,,,1,110.39508815955315,-7.275230907262975,3909.761040210724,,11,467,0.36691654,6.00502126627179E-7,14.683161336619658,0.0,0.0
4364.0,2016,Indonesia,Torrential Rain,1.5,,,1,106.30101625217843,-6.015343721285346,2807.7572590112686,,13,2,0.11657788,-1.0536326353993356E-7,11.608220464406172,0.0,42.42640687119285
4364.0,2016,Indonesia,Torrential Rain,1.5,,,1,106.66707973045713,-6.064751061911919,2425.0325648784637,,13,2,0.0,0.0,11.83295427259245,0.0,0.0
4364.0,2016,Indonesia,Torrential Rain,1.5,,,1,107.109500007886,-6.116404190748792,2570.8953231573105,,12,3,0.116599984,1.366941770951503E-7,12.338728940767384,0.0,0.0
4364.0,2016,Indonesia,Torrential Rain,1.5,,,1,107.01517690305346,-6.134370496431183,2527.6111232042313,,12,3,0.16443111,0.0,12.310031313289342,0.0,0.0
4364.0,2016,Indonesia,Torrential Rain,1.5,,,1,106.96801535063717,-6.129878920010585,2330.705346941948,,10,3,0.0,1.793671454083568E-7,12.844431012369553,0.0,0.0
4364.0,2016,Indonesia,Torrential Rain,1.5,,,1,107.20382311271855,-6.035555815178036,2371.013780117035,,12,2,0.34974408,1.454220319614838E-6,14.738011739726472,0.0,0.0
4364.0,2016,Indonesia,Torrential Rain,1.5,,,1,107.41717299269693,-6.136616284641481,2396.5476919412613,,12,4,0.36852002,-9.096887928570355E-8,9.683914789392682,0.0,0.0
4364.0,2016,Indonesia,Torrential Rain,1.5,,,1,107.91349218717298,-6.3544577410404655,2614.93754029274,,12,13,0.16446586,-1.1387832073458811E-7,10.490273448465924,0.0,42.42640687119285
4364.0,2016,Indonesia,Torrential Rain,1.5,,,1,108.4479897812241,-6.556578679967358,2931.9106036424637,,12,3,0.11669946,-1.5947653994434204E-7,11.439104998548473,0.0,0.0
4364.0,2016,Indonesia,Torrential Rain,1.5,,,1,108.89490163507355,-6.848531147306202,3011.4654190540314,,17,0,0.11676916,7.967577427417109E-7,14.499595394673241,0.0,0.0
4364.0,2016,Indonesia,Torrential Rain,1.5,,,1,108.74443382498353,-7.335867188941043,5135.882900714874,,12,18,0.0,4.556919295937044E-8,11.360399643887071,0.0,0.0
4364.0,2016,Indonesia,Torrential Rain,1.5,,,1,108.63888177909949,-7.394257682408812,5156.526028394699,,12,9,0.32929173,1.6377605520608653E-6,9.948050455021768,0.0,30.0
4364.0,2016,Indonesia,Torrential Rain,1.5,,,1,108.68604333151576,-7.356079282833732,5324.211393356323,,12,12,0.23379591,9.112945139676687E-8,10.909643965566634,450.0,0.0
4364.0,2016,Indonesia,Torrential Rain,1.5,,,1,108.83875692981609,-7.569429162812118,5584.170999288559,,12,2,0.11593621,-8.422867566126658E-7,10.43193602836279,0.0,0.0
4364.0,2016,Indonesia,Torrential Rain,1.5,,,1,108.81629904771309,-7.616590715228393,5759.083148479462,,12,1,0.11696818,4.5564725698383436E-8,17.28337128674654,0.0,0.0
4364.0,2016,Indonesia,Torrential Rain,1.5,,,1,108.91511372896623,-7.625573868069589,5859.443664073944,,12,3,0.11593621,-4.639859390438686E-7,10.431807229683962,0.0,0.0
4364.0,2016,Indonesia,Torrential Rain,1.5,,,1,108.71973015467024,-7.564937586391521,6056.221065998077,,12,3,0.26106256,9.107587490680501E-8,10.43115398746135,0.0,0.0
4364.0,2016,Indonesia,Torrential Rain,1.5,,,1,108.72197594288055,-7.533496551447337,5765.340080499649,,12,3,0.59609133,5.148294364612793E-6,10.180937586685758,720.0,0.0
4364.0,2016,Indonesia,Torrential Rain,1.5,,,1,109.52147654574692,-7.699684879009449,6585.473582744598,,12,2,0.116990745,1.4241070894877712E-8,14.35927587183247,0.0,0.0
4364.0,2016,Indonesia,Torrential Rain,1.5,,,1,109.9257184236007,-7.73561749037423,4272.444818496704,,12,11,0.16471311,9.245816021532889E-7,12.026277042011541,0.0,0.0
4364.0,2016,Indonesia,Torrential Rain,1.5,,,1,110.96327257675875,-6.846285359095903,2731.8183538913727,,12,7,0.16454798,2.2775664146917624E-8,10.083350068872043,0.0,0.0
4364.0,2016,Indonesia,Torrential Rain,1.5,,,1,110.64437065089632,-6.763191195314848,2956.242362499237,,12,1,0.23349626,7.685656659008872E-8,11.930742435564294,720.0,0.0
4364.0,2016,Indonesia,Torrential Rain,1.5,,,1,111.16988509210624,-6.70255491363678,2235.487530708313,,17,-1,0.0,0.0,13.010379674920713,0.0,0.0
4364.0,2016,Indonesia,Torrential Rain,1.5,,,1,112.16252348105832,-7.057389450863991,2367.8975400924683,,12,8,0.2608239,9.95118274923055E-8,10.181873126732597,0.0,0.0
4364.0,2016,Indonesia,Torrential Rain,1.5,,,1,112.44100121913536,-7.037177356971302,2222.577235221863,,17,4,0.2596345,6.141602070228245E-7,11.013142930434801,0.0,0.0
4364.0,2016,Indonesia,Torrential Rain,1.5,,,1,112.52858695933702,-7.129254673593553,2543.8075639009476,,17,1,0.16459842,6.550892611643747E-8,18.164271227873602,0.0,0.0
4364.0,2016,Indonesia,Torrential Rain,1.5,,,1,112.60494375848718,-7.21010304916431,2466.500219345093,,17,2,0.35057673,-6.173360235915806E-7,9.549369915821101,0.0,0.0
4364.0,2016,Indonesia,Torrential Rain,1.5,,,1,112.80032733278317,-7.56718337460182,2178.563700437546,,17,0,0.5829266,1.0874524757342334E-6,16.24483823177266,0.0,0.0
4364.0,2016,Indonesia,Torrential Rain,1.5,,,1,113.8580935798339,-7.046160509812497,2037.418176293373,,17,-1,0.0,0.0,11.137884903750907,0.0,0.0
4364.0,2016,Indonesia,Torrential Rain,1.5,,,1,113.07880507086023,-7.127008885383254,2260.324367284775,,11,3,0.3669045,-4.1770422060322425E-7,18.534588984442987,0.0,0.0
4364.0,2016,Indonesia,Torrential Rain,1.5,,,1,113.15067029358978,-7.156204132117138,2065.439667582512,,11,0,0.0,0.0,15.78202813670399,0.0,0.0
4221.0,2015,"Turkey, Italy, Egypt, Jordan, Syria, Romania, Greece, Israel, Bulgaria, Serbia, Croatia, Albania, Macedonia, Cyprus, Lebanon, Bosnia and Herzegovina, Slovenia",Heavy Rain,1.5,,,1,33.08832059643743,35.174657843805015,423.9603190422058,,10,135,0.75119185,2.330094596486862E-5,18.697401608340453,0.0,0.0
4221.0,2015,"Turkey, Italy, Egypt, Jordan, Syria, Romania, Greece, Israel, Bulgaria, Serbia, Croatia, Albania, Macedonia, Cyprus, Lebanon, Bosnia and Herzegovina, Slovenia",Heavy Rain,1.5,,,1,33.09505796106832,35.174657843805015,423.9603190422058,,10,138,1.0295753,7.092276157380637E-5,9.069915670886443,0.0,30.0
4221.0,2015,"Turkey, Italy, Egypt, Jordan, Syria, Romania, Greece, Israel, Bulgaria, Serbia, Croatia, Albania, Macedonia, Cyprus, Lebanon, Bosnia and Herzegovina, Slovenia",Heavy Rain,1.5,,,1,32.540348273124515,34.96804532845753,596.9569566249847,,10,282,1.7292533,0.002339199276899228,10.53763933573093,0.0,670.820393249937
4221.0,2015,"Turkey, Italy, Egypt, Jordan, Syria, Romania, Greece, Israel, Bulgaria, Serbia, Croatia, Albania, Macedonia, Cyprus, Lebanon, Bosnia and Herzegovina, Slovenia",Heavy Rain,1.5,,,1,32.54483984954511,34.965799540247225,596.9569566249847,,10,312,1.979832,0.004668683690908406,8.100044474695698,0.0,684.7627326307996
4221.0,2015,"Turkey, Italy, Egypt, Jordan, Syria, Romania, Greece, Israel, Bulgaria, Serbia, Croatia, Albania, Macedonia, Cyprus, Lebanon, Bosnia and Herzegovina, Slovenia",Heavy Rain,1.5,,,1,32.56056036701721,34.96804532845753,745.1736698150635,,8,495,6.182232,7.519225301492523E-4,6.4890563933070755,0.0,530.7541803886239
4458.0,2017,Australia,Tropical Cyclone Debbie,2.0,,,1,149.53693087685102,-23.303421364165537,600.6251487731934,,10,75,0.0,0.0,11.467254289789016,990.0,228.47319317591726
4458.0,2017,Australia,Tropical Cyclone Debbie,2.0,,,1,149.62002504063207,-23.404481833628985,644.6805710792542,,10,69,0.12633108,-4.750927001833822E-7,11.449005211708648,0.0,120.0
4458.0,2017,Australia,Tropical Cyclone Debbie,2.0,,,1,149.67392395767922,-23.478592844568844,651.4995229244232,,10,66,0.11593621,-1.8222317346313093E-7,11.271967141936065,0.0,189.73665961010278
4458.0,2017,Australia,Tropical Cyclone Debbie,2.0,,,1,149.7143481454646,-23.642535383920656,609.9799792766571,,10,63,0.23187147,2.733079697630115E-7,9.661344277346199,0.0,228.47319317591726
4579.0,2018,Australia,Heavy Rain,1.5,,,1,146.84872238912334,-21.72238646411518,486.38870027661324,0.2866896,7,187,0.24959694,0.0,14.919466369004361,1710.0,152.97058540778355
4579.0,2018,Australia,Heavy Rain,1.5,,,1,147.48877202905848,-21.998618413981934,562.4476749934256,0.07668297,7,213,0.1705173,-1.139118142459586E-7,10.673674903349616,0.0,123.69316876852982
4579.0,2018,Australia,Heavy Rain,1.5,,,1,146.7364329786084,-21.785268534003546,474.91941832378507,0.23132057,7,191,0.17038025,4.325256317740717E-7,9.982827434083072,0.0,330.0
4579.0,2018,Australia,Heavy Rain,1.5,,,1,146.62414356809344,-22.573540195818428,438.9094863831997,0.25051957,7,240,0.11593621,2.278459647968522E-8,11.920407999419705,0.0,189.73665961010278
4579.0,2018,Australia,Heavy Rain,1.5,,,1,146.70274615545392,-23.029435202509084,371.220940597319,0.14467362,7,280,0.11593621,9.966795199723445E-8,12.8013027877546,540.0,189.73665961010278
4579.0,2018,Australia,Heavy Rain,1.5,,,1,147.85483550733719,-23.58414489045289,528.443333864212,0.09813977,10,269,0.5933031,-1.720218293167876E-5,10.280340454955539,0.0,30.0
3661.0,2010,"Spain, France",Torrential Rain,2.0,,,1,4.427571456604092,43.59636363242553,765.1901514530182,0.44354782608695653,12,-1,0.23187147,-1.3669417709515033E-7,9.652635507526478,0.0,42.42640687119285
3661.0,2010,"Spain, France",Torrential Rain,2.0,,,1,4.56231874922202,43.749077230725845,751.4892872571945,0.3762695652173913,12,2,0.16049573,0.0,18.693886740486846,0.0,42.42640687119285
3661.0,2010,"Spain, France",Torrential Rain,2.0,,,1,4.589268207745605,43.771535112828836,753.9177098274231,0.40491739130434784,12,3,0.28203163,4.013620699704631E-7,14.265955612945287,0.0,30.0
3661.0,2010,"Spain, France",Torrential Rain,2.0,,,1,4.688082888998753,43.695178313678674,728.5489033460617,0.37690869565217394,12,-1,0.0,4.556919295937044E-8,10.825787260295023,0.0,30.0
3661.0,2010,"Spain, France",Torrential Rain,2.0,,,1,4.829567546247578,43.686195160837485,686.1934103965759,0.5276521739130435,12,-1,0.0,1.2811938957739774E-7,18.325666087354442,0.0,600.0
4082.0,2013,"China, India, Pakistan, Afghanistan, Iran, Nepal","Monsoon Rain, began with #4078",1.5,,,1,66.71001589282082,28.432801636488005,202.62705898284912,0.07999090909090908,16,1465,0.17556342,-8.542967314048664E-9,12.955638376154104,0.0,0.0
4359.0,2016,"United States, Mexico",Heavy Rain,1.5,,,1,-90.44350569925858,33.611589249437046,1382.6966371536255,0.10349071,17,32,0.0,0.0,11.525040061747209,0.0,0.0
4359.0,2016,"United States, Mexico",Heavy Rain,1.5,,,1,-90.48168409883365,33.445400921874935,1399.3791244029999,0.28378227,17,32,0.0,0.0,11.526943353285825,0.0,0.0
4359.0,2016,"United States, Mexico",Heavy Rain,1.5,,,1,-92.61069132219693,33.35332360525268,1498.0944428443909,0.77934825,4,25,0.64269185,7.736893395280244E-6,12.777713578693197,180.0,0.0
4359.0,2016,"United States, Mexico",Heavy Rain,1.5,,,1,-92.16153368013717,33.28370417073342,1619.6329352855682,,8,27,0.5667091,4.889321158174361E-6,9.99929648509107,0.0,30.0
4516.0,2017,"United States, Cuba, Bahamas, The, Dominican Republic, Haiti, Turks and Caicos Islands",Tropical Storm Irma,2.0,,,1,-87.89004450414883,31.287198451777787,2093.760669708252,0.68291295,4,14,0.40699288,-2.31834423027609E-6,9.58995570995894,0.0,0.0
4314.0,2015,"Canada, United States",Heavy Rain,2.0,,,1,-88.31674426410561,31.43317468544721,1673.116891860962,,5,78,1.1816243,1.3846405618028007E-5,9.061476060553213,0.0,67.0820393249937
4305.0,2015,"Sudan, Egypt",Torrential Rain,1.5,,,1,35.94720898814781,16.72775348441064,77.27452158927917,,16,396,0.0,0.0,12.281560224460645,2880.0,0.0
4305.0,2015,"Sudan, Egypt",Torrential Rain,1.5,,,1,36.01907421087736,16.68957508483556,82.27092146873474,,16,397,0.26839972,1.8215174981361002E-7,14.1153249939708,180.0,0.0
4305.0,2015,"Sudan, Egypt",Torrential Rain,1.5,,,1,36.17178780917769,16.604235132844206,93.10086679458618,,16,400,0.1675631,2.278459647968522E-8,10.590032441524919,2610.0,42.42640687119285
4594.0,2018,United States,Torrential Rain,1.5,,,1,-87.32859745157414,38.50965333609874,1444.3223496377468,0.3681181,12,128,0.0,1.4241070894877712E-8,12.08258775775058,1260.0,0.0
4594.0,2018,United States,Torrential Rain,1.5,,,1,-87.66995725953956,38.401855502004395,1407.543383806944,0.36258966,12,119,0.6507977,1.2727085018629127E-5,8.475595314712598,1260.0,0.0
4594.0,2018,United States,Torrential Rain,1.5,,,1,-87.45211580314057,38.38388919632201,1401.9603638257831,0.3078145,12,125,0.0,0.0,14.062695506302346,990.0,0.0
4594.0,2018,United States,Torrential Rain,1.5,,,1,-87.37575900399041,37.43841235978621,1469.804296720773,0.27577582,12,114,0.18644437,9.397264045453534E-8,17.722663895520643,0.0,0.0
4594.0,2018,United States,Torrential Rain,1.5,,,1,-87.28592747557846,37.561930711352645,1509.4494949672371,0.3056095,12,115,0.14625433,6.834708854757517E-8,18.352013459640872,360.0,0.0
4428.0,2016,Australia,Heavy Rain,1.5,,,1,124.26956772277916,-17.43966834707536,746.3931834697723,,10,27,0.23187147,1.7933198871020684E-7,9.701245189436603,90.0,0.0
4428.0,2016,Australia,Heavy Rain,1.5,,,1,124.44923077960307,-17.50030462875343,786.407875418663,,10,43,0.12156313,-8.542967314048677E-9,11.157554607267793,0.0,0.0
4428.0,2016,Australia,Heavy Rain,1.5,,,1,124.28753402846155,-18.00111539965006,700.5508584976196,,10,43,0.121903196,-4.556919295937044E-8,10.564238097241939,0.0,0.0
4428.0,2016,Australia,Heavy Rain,1.5,,,1,124.3975776507662,-17.938233329761697,680.5016078948975,,10,41,0.16819943,3.41467604032162E-7,13.218184853267653,360.0,0.0
4428.0,2016,Australia,Heavy Rain,1.5,,,1,124.46270550886486,-17.88882598913512,705.6313562393188,,10,44,0.0,2.8476557713495477E-9,11.319845789503885,0.0,67.0820393249937
4218.0,2015,Australia,Heavy Rain,1.5,,,1,121.82615014997407,-18.60747821643074,399.3218506574631,,10,5,0.0,4.556919295937044E-8,11.498105853787276,90.0,0.0
4439.0,2017,"Mozambique, Zimbabwe",Heavy Rain,1.5,,,1,33.35107781704239,-21.76056486369026,926.1712293624878,,10,127,0.17036466,-2.278236284919173E-8,10.676206558864248,0.0,94.86832980505139
4439.0,2017,"Mozambique, Zimbabwe",Heavy Rain,1.5,,,1,33.38476464019687,-21.76056486369026,926.1712293624878,,9,127,0.24966258,1.167081196368013E-7,10.987173795642061,0.0,212.13203435596427
4439.0,2017,"Mozambique, Zimbabwe",Heavy Rain,1.5,,,1,33.189381065900875,-21.879591638836096,828.4244725704193,,10,123,0.17043999,1.1387832073458811E-7,9.98182253950539,0.0,161.55494421403512
4439.0,2017,"Mozambique, Zimbabwe",Heavy Rain,1.5,,,1,33.19162685411117,-21.884083215256695,828.4244725704193,,10,123,0.11593621,2.278459647968522E-8,16.50967700970817,0.0,212.13203435596427
4439.0,2017,"Mozambique, Zimbabwe",Heavy Rain,1.5,,,1,33.19611843053177,-21.8683626977846,828.4244725704193,,10,123,0.27543643,-2.278459647968522E-8,10.312841487216154,0.0,30.0
4428.0,2016,Australia,Heavy Rain,1.5,,,1,134.96176539201176,-16.03829650384891,566.4218158721924,,10,119,0.66921765,8.840594277396927E-6,17.494296113675293,0.0,1390228.5000315595
4428.0,2016,Australia,Heavy Rain,1.5,,,1,134.64286346614932,-15.92151551691337,557.0227869749069,,10,198,0.2613407,1.8215174981361002E-7,16.757800913204047,0.0,30.0
4428.0,2016,Australia,Heavy Rain,1.5,,,1,134.56875245520948,-16.063000174162195,546.7749266624451,,7,224,0.16732222,-4.272321268463313E-8,15.161507431551712,0.0,30.0
4428.0,2016,Australia,Heavy Rain,1.5,,,1,134.5373114202653,-16.042788080269506,545.3259072899818,,7,223,0.11593621,1.8222317346313093E-7,15.435226269327538,0.0,134.1640786499874
4037.0,2013,"Angola, Zambia, Namibia, Botswana, Zimbabwe",Heavy Rain,1.0,,,1,27.58164790478476,-15.575664132527354,735.7347702980042,0.5674347826086957,11,977,0.16711323,9.112945139676687E-8,10.038201370359454,0.0,0.0
4037.0,2013,"Angola, Zambia, Namibia, Botswana, Zimbabwe",Heavy Rain,1.0,,,1,27.615334727939242,-15.456637357381517,750.7124454975128,0.46507391304347834,10,977,0.16706285,2.278459647968522E-8,10.262209786503751,0.0,0.0
4037.0,2013,"Angola, Zambia, Namibia, Botswana, Zimbabwe",Heavy Rain,1.0,,,1,27.714149409192387,-15.717148789776179,740.9139752388,0.5069782608695652,10,978,0.0,-9.397264045453534E-8,11.667551501841865,0.0,0.0
4037.0,2013,"Angola, Zambia, Namibia, Botswana, Zimbabwe",Heavy Rain,1.0,,,1,27.345840142703384,-15.8653708116559,732.8890355825424,0.4607086956521739,11,979,0.16723637,6.835378943905566E-8,10.03607478777291,0.0,0.0
4037.0,2013,"Angola, Zambia, Namibia, Botswana, Zimbabwe",Heavy Rain,1.0,,,1,26.676595256034343,-15.568926767896457,794.8997311592102,0.41757826086956523,10,983,0.16711041,6.834708854757514E-8,18.22257973941756,0.0,60.0
4586.0,2018,"Zaire, Angola, Zambia, Congo, Namibia, Botswana",Heavy Rain,1.5,,,1,22.950832615148627,-14.704298306931419,927.522580742836,0.4725097,10,1023,0.11593621,-2.5633927610779884E-8,10.630998283764006,0.0,0.0
4676.0,2018,,Tropical Stom Florence,2.0,,,1,-82.5181191051141,33.611589249437046,1449.317571682905,0.79120135,5,122,1.9701414,-2.664519081179289E-4,8.120838411787739,0.0,30.0
4676.0,2018,,Tropical Stom Florence,2.0,,,1,-82.52710225795529,33.60260609659585,1449.317571682905,0.67317873,8,131,0.5434505,-1.5412590238497324E-4,8.93906454846223,0.0,30.0
3657.0,2010,"Ukraine, Poland, Romania, Germany, Belarus, Serbia, Croatia, Slovakia, Hungary, Czech Republic, Austria, Switzerland, Moldova",Heavy Rain,1.0,,,1,31.356817886297048,49.091807383026705,660.2451558113098,0.2564608695652174,12,207,0.58345175,-3.2537296977617317E-7,9.793257347442415,0.0,120.0
3657.0,2010,"Ukraine, Poland, Romania, Germany, Belarus, Serbia, Croatia, Slovakia, Hungary, Czech Republic, Austria, Switzerland, Moldova",Heavy Rain,1.0,,,1,30.936855490971173,48.97727218430146,674.2830277681351,0.2810086956521739,12,172,1.5452709,-6.759173729041329E-5,9.80988146908356,0.0,120.0
3657.0,2010,"Ukraine, Poland, Romania, Germany, Belarus, Serbia, Croatia, Slovakia, Hungary, Czech Republic, Austria, Switzerland, Moldova",Heavy Rain,1.0,,,1,30.64041144721173,48.696548658014116,762.7107454538345,0.28042173913043483,12,204,0.35129476,0.0,12.331555432161293,0.0,424.26406871192853
3657.0,2010,"Ukraine, Poland, Romania, Germany, Belarus, Serbia, Croatia, Slovakia, Hungary, Czech Republic, Austria, Switzerland, Moldova",Heavy Rain,1.0,,,1,31.300673181039578,48.38662988499288,628.172958612442,0.30084782608695654,12,204,0.41912052,-2.520929757741607E-6,8.974881929964958,0.0,216.33307652783935
3657.0,2010,"Ukraine, Poland, Romania, Germany, Belarus, Serbia, Croatia, Slovakia, Hungary, Czech Republic, Austria, Switzerland, Moldova",Heavy Rain,1.0,,,1,31.172663253052548,48.46074089593274,653.8073773384094,0.26327826086956524,12,187,0.29039645,-1.3329064766419105E-7,9.522635594993526,0.0,256.3201123595259
3657.0,2010,"Ukraine, Poland, Romania, Germany, Belarus, Serbia, Croatia, Slovakia, Hungary, Czech Republic, Austria, Switzerland, Moldova",Heavy Rain,1.0,,,1,31.583642495537227,47.51975563581754,703.5437263250351,0.3694,12,95,1.0607624,-9.112908545136465E-5,7.839953303543041,0.0,456.9463863518345
3657.0,2010,"Ukraine, Poland, Romania, Germany, Belarus, Serbia, Croatia, Slovakia, Hungary, Czech Republic, Austria, Switzerland, Moldova",Heavy Rain,1.0,,,1,31.11202697137448,47.51077248297634,730.989126086235,0.36910000000000004,12,101,2.0202656,-3.343680141542454E-5,7.601170403752034,0.0,258.0697580112788
2650.0,2005,"Russia, Iran, Turkey, Kazakhstan, Ukraine, Azerbaijan, Georgia, Armenia",Heavy rain,1.0,,,1,33.735107601003484,48.09916899407463,498.5087455511093,0.2964391304347826,12,122,0.46373534,3.050761309829417E-6,9.215749582481685,0.0,308.86890422961005
2650.0,2005,"Russia, Iran, Turkey, Kazakhstan, Ukraine, Azerbaijan, Georgia, Armenia",Heavy rain,1.0,,,1,34.31676674747087,47.87908174946535,491.4052164554596,0.3529521739130435,12,85,1.062637,-1.6052291747187195E-5,7.831379565708817,0.0,234.30749027719963
3657.0,2010,"Ukraine, Poland, Romania, Germany, Belarus, Serbia, Croatia, Slovakia, Hungary, Czech Republic, Austria, Switzerland, Moldova",Heavy Rain,1.0,,,1,32.830054952253064,47.53098457686903,694.447667837143,0.3278695652173913,12,91,0.11593621,1.679458306968604E-7,10.864120784146373,0.0,324.4996147917591
2650.0,2005,"Russia, Iran, Turkey, Kazakhstan, Ukraine, Azerbaijan, Georgia, Armenia",Heavy rain,1.0,,,1,35.794495389847484,49.04689161882072,577.2343006134033,0.4611739130434783,12,151,0.42298222,-1.9789931477461113E-6,9.82812193421108,0.0,218.40329667841553
2650.0,2005,"Russia, Iran, Turkey, Kazakhstan, Ukraine, Azerbaijan, Georgia, Armenia",Heavy rain,1.0,,,1,33.5127745681839,47.69043553980025,494.7288558483124,0.3191304347826087,12,96,0.11593621,2.5633927610779884E-8,11.79938378316807,0.0,67.0820393249937
4597.0,2018,"Turkey, Italy, Ukraine, Romania, Greece, Bulgaria, Serbia, Croatia, Albania, Macedonia, Bosnia and Herzegovina, Slovenia",Heavy Rain,1.5,,,1,29.575907835530096,45.23354323773336,281.77253768099763,0.53149843,10,2,0.20135872,-9.112945139676687E-8,9.766009008039957,0.0,0.0
4334.0,2016,"Ukraine, Romania, Bulgaria, Serbia, Croatia, Slovakia, Hungary, Bosnia and Herzegovina, Slovenia",Heavy Rain,1.5,,,1,20.718519134111617,46.906655454405964,654.46601831913,,10,83,0.16969529,4.556919295937044E-8,13.899851888040267,0.0,150.0
4334.0,2016,"Ukraine, Romania, Bulgaria, Serbia, Croatia, Slovakia, Hungary, Bosnia and Herzegovina, Slovenia",Heavy Rain,1.5,,,1,20.913902708407612,46.906655454405964,665.8174926042557,,12,83,0.20551774,7.687163374643862E-8,10.590957863069027,450.0,42.42640687119285
4597.0,2018,"Turkey, Italy, Ukraine, Romania, Greece, Bulgaria, Serbia, Croatia, Albania, Macedonia, Bosnia and Herzegovina, Slovenia",Heavy Rain,1.5,,,1,16.269612689509685,45.58837777496057,894.8743465058506,0.6868931,4,107,0.5796621,-7.786696659314722E-6,9.800993018340263,0.0,30.0
4704.0,2018,,Tropical Storm Usagi,1.0,,,1,103.83514079727034,15.164684890042674,1316.1940358579159,0.37591305,12,147,0.80020183,5.100645997413528E-6,12.350256757709525,0.0,30.0
4704.0,2018,,Tropical Storm Usagi,1.0,,,1,103.57238357666539,15.310661123712094,1292.6612779349089,0.23784497,12,125,0.16700199,2.8476557713495477E-9,12.873294233289595,900.0,0.0
4704.0,2018,,Tropical Storm Usagi,1.0,,,1,104.03726173619724,15.84740450597351,1471.886702299118,0.31269774,12,130,0.33445483,-7.28821252701364E-7,10.15398624013427,2160.0,0.0
4652.0,2018,,Tropical Storm  Son-Tinh,1.5,,,1,100.46196690540154,16.512157816221954,1177.3700978481802,0.27495202,12,37,0.16752182,6.00502126627179E-7,12.556833022548856,0.0,0.0
4652.0,2018,,Tropical Storm  Son-Tinh,1.5,,,1,100.03526714544476,15.56668097968616,1187.8718893527985,0.7239298,12,22,0.0,2.8476557713495477E-9,11.919584718985512,1170.0,0.0
4652.0,2018,,Tropical Storm  Son-Tinh,1.5,,,1,100.3653980123587,15.135489643308789,995.7773379774884,0.6481428,12,12,0.12010191,-2.1926949439391582E-7,10.776050712411212,0.0,0.0
4652.0,2018,,Tropical Storm  Son-Tinh,1.5,,,1,100.32497382457332,14.261878029502554,1186.8219810540886,0.81885964,12,4,0.11593621,-2.278459647968522E-8,11.421398195973612,0.0,0.0
4652.0,2018,,Tropical Storm  Son-Tinh,1.5,,,1,100.08467448607134,14.068740243416856,1120.7870869636536,0.34728518,9,2,0.0,8.544642536926625E-9,11.115453025663497,0.0,0.0
4652.0,2018,,Tropical Storm  Son-Tinh,1.5,,,1,100.3541690713072,13.868865092700263,1526.1092588305473,0.48286897,9,1,0.0,5.381014362250705E-7,20.106701247949662,0.0,0.0
4652.0,2018,,Tropical Storm  Son-Tinh,1.5,,,1,100.9245992767231,13.74310095292353,1588.7505300851526,0.41366413,10,3,0.35805604,-9.464132112894521E-7,10.606126894011787,0.0,0.0
4652.0,2018,,Tropical Storm  Son-Tinh,1.5,,,1,101.18286492090746,13.514030555473052,1509.371514081955,0.60152334,12,2,0.0,5.981249775848638E-8,11.117786101500135,0.0,0.0
4652.0,2018,,Tropical Storm  Son-Tinh,1.5,,,1,100.04200451007567,13.720643070820541,1404.8196615864672,0.059545733,9,3,0.16638407,1.4241070894877713E-8,10.610481401279696,0.0,0.0
4652.0,2018,,Tropical Storm  Son-Tinh,1.5,,,1,99.91174879387833,12.25863494591602,1173.4304211817216,0.27771774,11,4,0.16588229,-1.1387832073458811E-7,13.70377203114659,0.0,0.0
4704.0,2018,,Tropical Storm Usagi,1.0,,,1,105.245495793338,10.262129226960385,1340.6824953854084,,12,4,0.16529621,-7.288212527013641E-7,13.126337888054953,0.0,0.0
4704.0,2018,,Tropical Storm Usagi,1.0,,,1,105.72834025855224,10.684337410496559,1299.0243783593178,,12,1,0.23596151,1.0536326353993356E-7,16.836748339485354,0.0,0.0
4652.0,2018,,Tropical Storm  Son-Tinh,1.5,,,1,105.12871480640246,8.948343123935583,2047.9376166462898,,11,0,0.23472805,1.1105857508263268E-7,13.529757791225464,0.0,0.0
4704.0,2018,,Tropical Storm Usagi,1.0,,,1,106.1685147477708,10.83480522058658,1700.6277010440826,,9,2,0.26018766,-9.388059344941084E-8,9.614549114770622,0.0,0.0
4704.0,2018,,Tropical Storm Usagi,1.0,,,1,103.47581468362253,13.511784767262753,1185.0617843270302,0.36204734,10,10,0.11923673,2.848214178975544E-9,10.608060695099946,0.0,0.0
4704.0,2018,,Tropical Storm Usagi,1.0,,,1,103.13445487565711,13.489326885159766,1115.7737858917171,0.303614,12,9,0.26514035,1.7936714540835682E-7,12.581565164376896,900.0,0.0
4704.0,2018,,Tropical Storm Usagi,1.0,,,1,104.08666907682381,17.754078696517194,2312.569288253784,0.33717504,10,143,0.11593621,-4.556919295937044E-8,10.39265305535254,180.0,0.0
4704.0,2018,,Tropical Storm Usagi,1.0,,,1,103.96764230167797,17.659755591684643,2312.7846899032593,0.6141758,10,151,1.362719,-3.513344531307387E-5,8.334455755135759,0.0,0.0
4704.0,2018,,Tropical Storm Usagi,1.0,,,1,103.85086131474243,17.61259403926837,2171.481953382492,0.576411,10,153,0.5922853,5.787969903657834E-6,9.322119055454941,0.0,0.0
4704.0,2018,,Tropical Storm Usagi,1.0,,,1,106.1685147477708,21.00598002502986,1772.2112820148468,0.48544973,12,3,0.34780484,0.0,9.967588964841758,0.0,30.0
4704.0,2018,,Tropical Storm Usagi,1.0,,,1,106.12135319535453,20.86000379136044,1989.1194875240326,0.4009734,12,1,0.46373534,1.136554494901265E-6,9.680872833924527,0.0,0.0
4704.0,2018,,Tropical Storm Usagi,1.0,,,1,106.18423526524289,20.78364699221028,1987.9807722568512,0.075038776,12,1,0.12400546,1.8222317346313093E-7,16.292939284422,0.0,0.0
4704.0,2018,,Tropical Storm Usagi,1.0,,,1,106.33694886354321,20.743222804424903,2102.5998978614807,0.2959328,12,1,0.16973607,-6.834708854757517E-8,9.99356208989922,0.0,0.0
4704.0,2018,,Tropical Storm Usagi,1.0,,,1,106.56826504920399,20.660128640643848,2079.2086848020554,0.26674622,12,-2,0.12390362,-1.4241070894877712E-8,14.003885090065072,0.0,0.0
4666.0,2018,,Monsoonal Rain,1.5,,,1,95.68742117030628,17.769799213989284,2233.2157021416415,0.2611119,11,13,0.11593621,-1.9937499252828795E-8,12.264334976011758,0.0,0.0
4666.0,2018,,Monsoonal Rain,1.5,,,1,96.11412093026306,16.545844639376437,3122.7319244328646,0.36439443,12,3,0.0,-1.4241070894877713E-8,16.020141061882935,0.0,0.0
4666.0,2018,,Monsoonal Rain,1.5,,,1,95.8423805568169,16.328003182977454,2676.3652341365814,0.4463615,12,3,0.120808594,-2.5633927610779884E-8,11.370549549059609,0.0,0.0
4666.0,2018,,Monsoonal Rain,1.5,,,1,95.61331015936642,16.231434289934604,2548.971014752984,0.5661365,12,1,0.16739663,3.5560830852049576E-7,10.033307777643797,0.0,0.0
4666.0,2018,,Monsoonal Rain,1.5,,,1,95.08554992994621,16.18876431393893,3185.2064300477505,0.42124483,12,4,0.43002766,-1.0468595810963937E-6,9.313213028641663,0.0,0.0
4083.0,2013,"Russia, China, Mongolia, North Korea","Heavy Rain, began with #4079",2.0,,,1,133.97137279127,46.293555272994396,821.295019865036,0.3753,9,54,0.11593621,0.0,11.78077736630635,0.0,60.0
4083.0,2013,"Russia, China, Mongolia, North Korea","Heavy Rain, began with #4079",2.0,,,1,133.35827260985843,46.12512115722198,706.6016437411308,0.13075714285714288,9,61,0.0,1.4241070894877712E-8,10.78391732102332,0.0,0.0
4083.0,2013,"Russia, China, Mongolia, North Korea","Heavy Rain, began with #4079",2.0,,,1,130.70150515707493,46.92462176008836,613.566726565361,0.2680608695652174,12,81,0.20557004,0.0,13.08903534475555,0.0,150.0
4083.0,2013,"Russia, China, Mongolia, North Korea","Heavy Rain, began with #4079",2.0,,,1,132.56101779520233,47.93073487830222,651.6102279424667,0.26330434782608697,10,54,0.17302947,-6.834708854757517E-8,10.96689386007587,0.0,0.0
4083.0,2013,"Russia, China, Mongolia, North Korea","Heavy Rain, began with #4079",2.0,,,1,134.94379908632936,48.70777759906561,727.7351458072662,0.326204347826087,9,35,0.0,-2.278459647968522E-8,10.958461053480285,0.0,0.0
4083.0,2013,"Russia, China, Mongolia, North Korea","Heavy Rain, began with #4079",2.0,,,1,123.6385012356852,48.11039793512612,630.3352177739143,0.30847391304347827,12,258,1.4641291,3.653716583189008E-5,7.729514074739222,0.0,210.0
4083.0,2013,"Russia, China, Mongolia, North Korea","Heavy Rain, began with #4079",2.0,,,1,123.13319888836797,47.65450292843547,614.3772265017033,0.3139782608695652,12,286,2.3066232,1.4332439023134313E-4,11.325951037097921,0.0,240.0
4028.0,2012,"Indonesia, Papua New Guinea",Heavy Rain,1.0,,,1,144.20318387739135,-4.6521502776339725,3750.25671261549,0.37799130434782613,10,8,0.25992554,1.1146962046590972E-6,10.728523584731137,0.0,0.0
4028.0,2012,"Indonesia, Papua New Guinea",Heavy Rain,1.0,,,1,144.21441281844284,-4.643167124792777,3547.1352421045303,0.528895652173913,2,11,0.0,-4.556919295937044E-8,11.365233985661703,0.0,0.0
4028.0,2012,"Indonesia, Papua New Guinea",Heavy Rain,1.0,,,1,144.2413622769664,-4.661133430475167,3750.25671261549,0.43143043478260873,10,10,0.32845843,-6.846735498209034E-7,18.178237086320305,0.0,0.0
4569.0,2018,"Brazil, Chile, Argentina, Peru, Bolivia, Paraguay",Heavy Rain,1.5,,,1,-59.48306943207927,-29.414211084388583,1117.016647435909,0.50682336,9,31,0.13309301,-9.966795199723445E-8,13.323906592065617,0.0,0.0
4569.0,2018,"Brazil, Chile, Argentina, Peru, Bolivia, Paraguay",Heavy Rain,1.5,,,1,-62.93484591130853,-29.43891475470187,697.7002735576955,0.49696052,10,84,0.29039484,1.0536326353993356E-7,16.066207961660147,0.0,0.0
4569.0,2018,"Brazil, Chile, Argentina, Peru, Bolivia, Paraguay",Heavy Rain,1.5,,,1,-62.39361095262652,-29.771291409826095,771.9107894508754,0.48639897,10,75,0.0,1.4241070894877712E-8,12.615668817863856,2970.0,0.0
4569.0,2018,"Brazil, Chile, Argentina, Peru, Bolivia, Paraguay",Heavy Rain,1.5,,,1,-62.788869677639106,-30.332738462400794,620.7381090710204,0.01827471,11,69,0.0,1.4241070894877712E-8,12.610066373312543,0.0,0.0
4569.0,2018,"Brazil, Chile, Argentina, Peru, Bolivia, Paraguay",Heavy Rain,1.5,,,1,-62.247634718957094,-30.144092252735696,754.3168089155026,0.048229717,17,69,0.0,0.0,13.400387424549553,0.0,0.0
4175.0,2014,"Mali, Chad, Nigeria, Cameroon, Niger",Heavy Rain,1.0,,,1,-4.7285070767841315,14.771671953240382,355.0776144862175,0.3856782608695652,10,267,0.11593621,-2.278459647968522E-8,13.225929226321794,0.0,0.0
4175.0,2014,"Mali, Chad, Nigeria, Cameroon, Niger",Heavy Rain,1.0,,,1,-4.7846517820416015,14.742476706506498,363.7119333986193,0.3918695652173913,10,266,0.119883366,2.5633927610779884E-8,14.031319215056138,900.0,0.0
4175.0,2014,"Mali, Chad, Nigeria, Cameroon, Niger",Heavy Rain,1.0,,,1,-4.54435244353963,14.64590781346365,415.4179051485844,0.3483521739130435,10,265,0.11593621,2.278459647968522E-8,10.63126345835361,0.0,0.0
4175.0,2014,"Mali, Chad, Nigeria, Cameroon, Niger",Heavy Rain,1.0,,,1,-4.288332587565566,15.247779053823729,356.86422913102433,0.3596217391304348,10,261,0.11593621,0.0,10.810832028331784,2610.0,0.0
,,,,,,,0,-4.142356353896144,15.35557688791807,397.11649418622255,-0.03280777,10,263,0.2611872,6.906258568868975E-7,14.811641227947167,0.0,0.0
4175.0,2014,"Mali, Chad, Nigeria, Cameroon, Niger",Heavy Rain,1.0,,,1,-4.54435244353963,14.017087114579985,552.105927914381,0.32454347826086954,10,266,0.0,8.544642536926625E-9,11.115675939011286,0.0,0.0
4175.0,2014,"Mali, Chad, Nigeria, Cameroon, Niger",Heavy Rain,1.0,,,1,-4.697066041839948,13.821703540283988,534.7504910230637,0.296904347826087,10,267,0.11939314,1.9937499252828795E-8,12.92782043550497,360.0,0.0
4175.0,2014,"Mali, Chad, Nigeria, Cameroon, Niger",Heavy Rain,1.0,,,1,-5.2068599655777765,13.992383444266697,513.3107513487339,0.2780478260869565,10,276,0.16648407,-1.2811938957739774E-7,11.301868557035597,720.0,30.0
4175.0,2014,"Mali, Chad, Nigeria, Cameroon, Niger",Heavy Rain,1.0,,,1,-5.604364478800665,13.141229712563451,679.1582917571068,0.26034347826086957,10,278,0.23187147,4.4095430256541464E-7,10.126829614099398,1260.0,0.0
4175.0,2014,"Mali, Chad, Nigeria, Cameroon, Niger",Heavy Rain,1.0,,,1,-6.448780845873015,13.44441112095379,479.3408119380474,0.3398478260869565,10,285,0.0,0.0,12.129660871296204,0.0,0.0
